name_problem;num_vertices;num_subgroups;num_clusters;time;profit;distance;route;subgroups_visited;method
115rat575_T100_p1;574;574;115;1104,051;527,0;2374;[(222  245)  (245  290)  (290  292)  (292  272)  (272  297)  (297  320)  (320  321)  (321  366)  (366  340)  (340  337)  (337  335)  (335  336)  (336  384)  (384  408)  (408  407)  (407  430)  (430  452)  (452  451)  (451  498)  (498  479)  (479  480)  (480  502)  (502  525)  (525  544)  (544  566)  (566  539)  (539  540)  (540  517)  (517  515)  (515  535)  (535  534)  (534  510)  (510  486)  (486  463)  (463  418)  (418  395)  (395  422)  (422  423)  (423  424)  (424  401)  (401  353)  (353  375)  (375  350)  (350  348)  (348  370)  (370  369)  (369  346)  (346  300)  (300  277)  (277  301)  (301  329)  (329  307)  (307  260)  (260  259)  (259  209)  (209  208)  (208  163)  (163  141)  (141  140)  (140  95)  (95  96)  (96  74)  (74  48)  (48  47)  (47  0)  (0  2)  (2  3)  (3  29)  (29  32)  (32  10)  (10  33)  (33  12)  (12  36)  (36  39)  (39  40)  (40  63)  (63  112)  (112  90)  (90  113)  (113  135)  (135  181)  (181  180)  (180  178)  (178  155)  (155  107)  (107  106)  (106  103)  (103  127)  (127  148)  (148  147)  (147  168)  (168  191)  (191  190)  (190  214)  (214  217)  (217  218)  (218  221)  (221  222)];[0  155  209  96  336  107  127  366  222  340  74  370  540  335  422  502  480  346  515  277  95  103  272  106  135  479  221  180  384  525  320  90  190  208  401  168  63  33  517  112  369  408  32  141  181  290  353  245  423  329  544  217  147  535  39  498  301  418  48  214  113  259  486  463  395  452  148  40  191  218  430  29  407  178  307  36  539  424  350  10  47  12  297  534  510  3  2  260  348  451  300  292  140  566  321  163  337  375  0];COPS-TABU
115rat575_T100_p2;574;574;115;1427,313;26627,0;2387;[(395  418)  (418  415)  (415  369)  (369  370)  (370  347)  (347  348)  (348  328)  (328  354)  (354  307)  (307  329)  (329  303)  (303  254)  (254  231)  (231  233)  (233  234)  (234  212)  (212  164)  (164  163)  (163  165)  (165  169)  (169  170)  (170  147)  (147  148)  (148  150)  (150  104)  (104  103)  (103  122)  (122  96)  (96  95)  (95  48)  (48  47)  (47  0)  (0  24)  (24  25)  (25  27)  (27  29)  (29  53)  (53  54)  (54  10)  (10  33)  (33  12)  (12  39)  (39  40)  (40  64)  (64  112)  (112  90)  (90  113)  (113  110)  (110  133)  (133  181)  (181  180)  (180  179)  (179  178)  (178  196)  (196  218)  (218  217)  (217  265)  (265  245)  (245  246)  (246  273)  (273  297)  (297  321)  (321  320)  (320  295)  (295  339)  (339  338)  (338  335)  (335  336)  (336  361)  (361  388)  (388  411)  (411  431)  (431  454)  (454  456)  (456  477)  (477  524)  (524  525)  (525  550)  (550  571)  (571  569)  (569  519)  (519  517)  (517  540)  (540  539)  (539  514)  (514  536)  (536  534)  (534  510)  (510  486)  (486  464)  (464  442)  (442  470)  (470  471)  (471  427)  (427  428)  (428  400)  (400  399)  (399  395)];[0  64  456  369  431  524  517  329  96  470  33  54  180  295  320  233  336  246  339  212  519  265  48  254  569  103  40  415  303  454  395  338  354  150  12  217  104  525  510  418  179  388  133  273  95  539  112  361  147  348  536  335  411  231  218  370  400  234  169  170  442  428  163  181  90  178  486  245  113  571  347  196  514  471  540  164  427  148  328  464  47  122  29  39  534  165  53  307  10  110  399  25  24  297  321  27  550  0];COPS-TABU
115u574_T100_p1;573;573;115;1379,897;564,0;16655;[(168  169)  (169  174)  (174  175)  (175  210)  (210  184)  (184  185)  (185  284)  (284  288)  (288  295)  (295  304)  (304  307)  (307  308)  (308  311)  (311  309)  (309  327)  (327  328)  (328  331)  (331  266)  (266  264)  (264  263)  (263  262)  (262  190)  (190  250)  (250  474)  (474  461)  (461  460)  (460  395)  (395  254)  (254  390)  (390  382)  (382  373)  (373  369)  (369  344)  (344  360)  (360  358)  (358  409)  (409  416)  (416  417)  (417  418)  (418  447)  (447  441)  (441  442)  (442  432)  (432  435)  (435  436)  (436  491)  (491  485)  (485  484)  (484  492)  (492  498)  (498  499)  (499  507)  (507  505)  (505  512)  (512  521)  (521  522)  (522  242)  (242  203)  (203  199)  (199  204)  (204  239)  (239  225)  (225  21)  (21  22)  (22  31)  (31  17)  (17  16)  (16  528)  (528  529)  (529  535)  (535  536)  (536  12)  (12  549)  (549  552)  (552  556)  (556  5)  (5  4)  (4  566)  (566  567)  (567  0)  (0  572)  (572  48)  (48  49)  (49  45)  (45  53)  (53  57)  (57  59)  (59  75)  (75  61)  (61  70)  (70  68)  (68  69)  (69  135)  (135  136)  (136  137)  (137  144)  (144  101)  (101  118)  (118  110)  (110  82)  (82  81)  (81  38)  (38  37)  (37  28)  (28  88)  (88  89)  (89  161)  (161  159)  (159  151)  (151  168)];[0  250  264  88  418  382  89  373  203  498  529  21  135  169  528  369  288  556  491  174  101  82  485  552  311  239  436  17  45  536  512  492  31  308  567  5  266  309  566  360  151  137  474  505  442  254  136  16  161  190  118  416  447  144  68  522  461  441  175  262  460  417  37  210  53  49  168  204  4  344  22  499  28  484  38  199  263  242  549  307  572  159  75  409  395  225  327  390  69  328  432  304  435  185  48  81  331  507  535  57  358  70  184  61  521  59  295  12  110  284  0];COPS-TABU
115u574_T100_p2;573;573;115;1390,239;28471,0;16676;[(268  378)  (378  337)  (337  349)  (349  350)  (350  359)  (359  358)  (358  383)  (383  385)  (385  390)  (390  255)  (255  254)  (254  253)  (253  465)  (465  464)  (464  457)  (457  455)  (455  418)  (418  417)  (417  416)  (416  428)  (428  436)  (436  435)  (435  432)  (432  442)  (442  441)  (441  489)  (489  485)  (485  484)  (484  492)  (492  498)  (498  499)  (499  507)  (507  505)  (505  518)  (518  246)  (246  242)  (242  521)  (521  522)  (522  226)  (226  227)  (227  238)  (238  196)  (196  194)  (194  185)  (185  184)  (184  183)  (183  213)  (213  211)  (211  215)  (215  24)  (24  31)  (31  17)  (17  16)  (16  528)  (528  530)  (530  531)  (531  538)  (538  12)  (12  549)  (549  550)  (550  556)  (556  5)  (5  4)  (4  566)  (566  0)  (0  573)  (573  572)  (572  48)  (48  51)  (51  53)  (53  43)  (43  79)  (79  80)  (80  85)  (85  86)  (86  88)  (88  28)  (28  89)  (89  105)  (105  111)  (111  76)  (76  59)  (59  61)  (61  62)  (62  73)  (73  115)  (115  97)  (97  96)  (96  134)  (134  136)  (136  145)  (145  146)  (146  158)  (158  155)  (155  168)  (168  169)  (169  291)  (291  295)  (295  304)  (304  307)  (307  308)  (308  311)  (311  309)  (309  276)  (276  271)  (271  327)  (327  328)  (328  332)  (332  268)];[0  417  538  226  86  255  254  528  489  96  62  350  518  238  307  97  522  73  158  572  76  556  253  115  268  291  155  531  12  271  89  215  573  145  390  227  28  436  332  499  455  465  183  51  442  134  88  79  385  31  484  213  146  378  194  309  4  43  549  507  349  358  498  441  17  485  80  327  435  505  416  169  530  24  566  359  111  383  168  337  432  304  5  464  550  276  457  308  246  196  211  242  185  16  311  418  184  105  85  295  61  136  59  328  48  492  428  521  53  0];COPS-TABU
131p654_T100_p1;653;653;130;860,086;652,0;26915;[(74  506)  (506  507)  (507  564)  (564  529)  (529  514)  (514  546)  (546  547)  (547  519)  (519  215)  (215  227)  (227  247)  (247  258)  (258  262)  (262  285)  (285  105)  (105  104)  (104  103)  (103  72)  (72  71)  (71  70)  (70  69)  (69  67)  (67  68)  (68  66)  (66  65)  (65  64)  (64  62)  (62  9)  (9  8)  (8  7)  (7  6)  (6  12)  (12  10)  (10  61)  (61  13)  (13  34)  (34  28)  (28  22)  (22  24)  (24  23)  (23  25)  (25  27)  (27  30)  (30  37)  (37  40)  (40  42)  (42  46)  (46  44)  (44  48)  (48  49)  (49  52)  (52  50)  (50  51)  (51  56)  (56  59)  (59  58)  (58  57)  (57  17)  (17  18)  (18  477)  (477  473)  (473  442)  (442  438)  (438  430)  (430  394)  (394  601)  (601  600)  (600  627)  (627  651)  (651  594)  (594  593)  (593  589)  (589  588)  (588  392)  (392  351)  (351  350)  (350  322)  (322  313)  (313  309)  (309  586)  (586  585)  (585  607)  (607  582)  (582  606)  (606  579)  (579  617)  (617  602)  (602  573)  (573  16)  (16  14)  (14  4)  (4  3)  (3  2)  (2  0)  (0  532)  (532  533)  (533  493)  (493  535)  (535  522)  (522  498)  (498  501)  (501  502)  (502  504)  (504  106)  (106  107)  (107  142)  (142  146)  (146  185)  (185  189)  (189  101)  (101  99)  (99  98)  (98  97)  (97  96)  (96  95)  (95  90)  (90  91)  (91  92)  (92  89)  (89  81)  (81  85)  (85  86)  (86  84)  (84  83)  (83  80)  (80  76)  (76  73)  (73  75)  (75  78)  (78  77)  (77  74)];[0  601  68  514  313  107  10  585  394  322  532  105  586  593  37  91  59  65  104  589  57  30  76  350  493  89  67  262  78  99  28  73  34  501  588  185  40  309  594  22  52  61  573  44  77  106  522  25  606  18  46  90  75  92  142  16  504  6  23  98  285  438  392  502  498  51  80  607  50  58  506  103  48  27  582  189  17  430  535  547  617  627  473  258  64  83  85  72  86  66  442  651  519  62  101  70  56  49  74  533  507  84  81  146  529  477  227  600  2  95  71  69  351  13  3  97  602  42  564  12  215  96  579  9  546  247  8  4  14  7  0];COPS-TABU
131p654_T100_p2;653;653;130;821,446;32981,0;27404;[(72  103)  (103  104)  (104  105)  (105  285)  (285  281)  (281  250)  (250  246)  (246  238)  (238  202)  (202  519)  (519  518)  (518  531)  (531  514)  (514  512)  (512  543)  (543  507)  (507  506)  (506  74)  (74  77)  (77  78)  (78  75)  (75  76)  (76  73)  (73  81)  (81  85)  (85  80)  (80  83)  (83  84)  (84  87)  (87  90)  (90  91)  (91  89)  (89  92)  (92  94)  (94  96)  (96  97)  (97  98)  (98  99)  (99  101)  (101  189)  (189  185)  (185  146)  (146  140)  (140  107)  (107  106)  (106  504)  (504  502)  (502  501)  (501  498)  (498  552)  (552  551)  (551  493)  (493  533)  (533  532)  (532  0)  (0  1)  (1  3)  (3  4)  (4  6)  (6  7)  (7  8)  (8  9)  (9  12)  (12  11)  (11  61)  (61  13)  (13  34)  (34  28)  (28  21)  (21  23)  (23  25)  (25  27)  (27  30)  (30  40)  (40  41)  (41  43)  (43  42)  (42  46)  (46  48)  (48  50)  (50  51)  (51  56)  (56  59)  (59  58)  (58  57)  (57  52)  (52  49)  (49  18)  (18  17)  (17  16)  (16  15)  (15  572)  (572  574)  (574  578)  (578  579)  (579  581)  (581  584)  (584  607)  (607  585)  (585  641)  (641  309)  (309  313)  (313  322)  (322  341)  (341  375)  (375  379)  (379  588)  (588  589)  (589  625)  (625  610)  (610  651)  (651  627)  (627  600)  (600  601)  (601  402)  (402  421)  (421  425)  (425  450)  (450  454)  (454  487)  (487  68)  (68  67)  (67  66)  (66  65)  (65  64)  (64  62)  (62  70)  (70  69)  (69  71)  (71  72)];[0  579  89  498  8  322  581  519  202  97  56  90  94  512  105  585  98  59  62  572  52  313  589  1  514  501  34  21  75  493  189  507  85  502  42  84  91  80  281  625  50  101  425  18  27  375  584  552  16  504  341  574  83  87  600  607  46  610  96  140  543  285  11  77  379  41  13  506  69  51  15  641  601  30  49  627  6  64  68  72  25  12  246  43  74  103  185  61  402  7  58  532  651  28  531  23  250  533  99  67  454  309  66  107  71  238  421  76  73  487  588  17  3  57  551  450  578  4  518  106  146  81  104  65  70  78  40  48  92  9  0];COPS-TABU
132d657_T100_p1;656;656;131;1344,204;641,0;22443;[(524  530)  (530  538)  (538  537)  (537  633)  (633  632)  (632  647)  (647  649)  (649  627)  (627  654)  (654  655)  (655  561)  (561  552)  (552  548)  (548  553)  (553  558)  (558  556)  (556  567)  (567  510)  (510  173)  (173  182)  (182  203)  (203  285)  (285  278)  (278  265)  (265  229)  (229  246)  (246  589)  (589  595)  (595  578)  (578  577)  (577  576)  (576  579)  (579  587)  (587  590)  (590  599)  (599  611)  (611  612)  (612  623)  (623  624)  (624  620)  (620  622)  (622  356)  (356  360)  (360  381)  (381  383)  (383  428)  (428  417)  (417  411)  (411  353)  (353  344)  (344  352)  (352  385)  (385  395)  (395  405)  (405  401)  (401  327)  (327  311)  (311  284)  (284  272)  (272  249)  (249  226)  (226  227)  (227  247)  (247  251)  (251  254)  (254  309)  (309  308)  (308  388)  (388  397)  (397  415)  (415  421)  (421  416)  (416  390)  (390  335)  (335  340)  (340  299)  (299  271)  (271  261)  (261  253)  (253  218)  (218  187)  (187  165)  (165  101)  (101  131)  (131  117)  (117  79)  (79  45)  (45  35)  (35  36)  (36  7)  (7  3)  (3  2)  (2  0)  (0  13)  (13  18)  (18  23)  (23  440)  (440  25)  (25  69)  (69  92)  (92  99)  (99  147)  (147  154)  (154  158)  (158  176)  (176  146)  (146  83)  (83  76)  (76  67)  (67  51)  (51  47)  (47  464)  (464  458)  (458  460)  (460  459)  (459  475)  (475  474)  (474  476)  (476  499)  (499  502)  (502  513)  (513  517)  (517  524)];[0  117  460  647  553  229  388  538  218  390  353  633  272  36  154  595  530  405  203  51  340  622  67  249  284  567  587  383  459  655  416  76  101  311  131  247  45  327  513  356  69  552  578  47  285  415  558  92  417  632  352  158  561  395  265  458  79  335  23  226  25  299  173  579  147  517  385  548  599  182  537  278  176  502  401  624  308  360  99  254  251  576  577  261  344  397  227  246  421  556  83  649  146  620  13  271  476  411  18  381  510  428  524  623  440  35  654  611  187  590  499  309  475  612  253  7  589  165  464  3  2  627  474  0];COPS-TABU
132d657_T100_p2;656;656;131;1532,323;32329,0;22485;[(154  151)  (151  176)  (176  146)  (146  83)  (83  76)  (76  67)  (67  56)  (56  470)  (470  47)  (47  464)  (464  458)  (458  459)  (459  479)  (479  480)  (480  516)  (516  517)  (517  520)  (520  524)  (524  533)  (533  537)  (537  541)  (541  633)  (633  632)  (632  548)  (548  553)  (553  558)  (558  552)  (552  651)  (651  648)  (648  627)  (627  654)  (654  655)  (655  571)  (571  577)  (577  576)  (576  579)  (579  587)  (587  590)  (590  599)  (599  611)  (611  612)  (612  625)  (625  620)  (620  622)  (622  618)  (618  605)  (605  589)  (589  586)  (586  567)  (567  559)  (559  510)  (510  136)  (136  159)  (159  200)  (200  213)  (213  216)  (216  222)  (222  256)  (256  274)  (274  283)  (283  296)  (296  297)  (297  306)  (306  331)  (331  381)  (381  383)  (383  428)  (428  417)  (417  411)  (411  353)  (353  344)  (344  359)  (359  366)  (366  419)  (419  405)  (405  401)  (401  312)  (312  304)  (304  311)  (311  276)  (276  242)  (242  227)  (227  247)  (247  254)  (254  275)  (275  325)  (325  348)  (348  391)  (391  409)  (409  390)  (390  322)  (322  335)  (335  340)  (340  299)  (299  240)  (240  235)  (235  231)  (231  237)  (237  190)  (190  168)  (168  140)  (140  132)  (132  79)  (79  45)  (45  35)  (35  36)  (36  7)  (7  3)  (3  2)  (2  0)  (0  13)  (13  18)  (18  23)  (23  440)  (440  25)  (25  52)  (52  92)  (92  99)  (99  147)  (147  154)];[0  366  190  7  579  548  331  440  322  633  651  571  36  76  524  381  83  213  23  25  235  516  240  611  176  428  559  13  237  464  648  45  247  168  67  151  459  558  510  340  625  577  344  479  348  632  391  306  304  276  312  590  353  242  200  417  299  52  140  401  56  35  470  390  419  480  296  159  216  92  589  335  254  2  541  283  147  537  222  567  411  586  311  99  227  136  405  275  520  552  620  622  553  18  47  132  256  655  576  599  587  533  605  154  231  297  458  274  79  359  383  654  146  3  409  325  517  612  627  0];COPS-TABU
145u724_T100_p1;723;723;144;1706,722;684,0;17258;[(493  343)  (343  506)  (506  211)  (211  210)  (210  514)  (514  525)  (525  520)  (520  516)  (516  265)  (265  270)  (270  271)  (271  278)  (278  130)  (130  282)  (282  283)  (283  145)  (145  148)  (148  150)  (150  580)  (580  575)  (575  554)  (554  543)  (543  187)  (187  549)  (549  573)  (573  574)  (574  558)  (558  591)  (591  593)  (593  152)  (152  151)  (151  140)  (140  643)  (643  675)  (675  77)  (77  58)  (58  51)  (51  59)  (59  104)  (104  69)  (69  62)  (62  63)  (63  99)  (99  699)  (699  709)  (709  8)  (8  701)  (701  694)  (694  88)  (88  87)  (87  81)  (81  30)  (30  21)  (21  687)  (687  44)  (44  38)  (38  28)  (28  10)  (10  1)  (1  0)  (0  721)  (721  42)  (42  47)  (47  39)  (39  41)  (41  670)  (670  677)  (677  674)  (674  654)  (654  612)  (612  617)  (617  614)  (614  153)  (153  165)  (165  141)  (141  143)  (143  178)  (178  179)  (179  533)  (533  202)  (202  236)  (236  243)  (243  254)  (254  538)  (538  548)  (548  195)  (195  200)  (200  206)  (206  512)  (512  207)  (207  513)  (513  496)  (496  338)  (338  337)  (337  331)  (331  321)  (321  354)  (354  355)  (355  319)  (319  307)  (307  314)  (314  309)  (309  398)  (398  384)  (384  387)  (387  372)  (372  367)  (367  469)  (469  468)  (468  402)  (402  359)  (359  296)  (296  458)  (458  459)  (459  462)  (462  446)  (446  445)  (445  460)  (460  430)  (430  403)  (403  290)  (290  285)  (285  483)  (483  480)  (480  492)  (492  493)];[0  462  207  458  384  200  104  512  558  359  39  593  44  575  179  549  402  694  709  403  675  265  492  398  148  283  30  21  483  42  271  63  285  614  525  151  314  307  480  338  210  1  533  152  87  331  59  143  254  445  721  202  355  99  62  617  28  145  81  643  354  88  674  573  687  538  612  243  296  41  77  699  520  140  430  290  51  591  506  387  10  460  187  337  468  309  343  38  47  677  236  211  446  69  496  574  178  514  654  372  270  367  141  58  459  8  548  150  282  319  321  554  670  165  278  516  153  493  513  130  206  580  195  469  701  543  0];COPS-TABU
145u724_T100_p2;723;723;144;1139,297;34719,0;17270;[(39  11)  (11  0)  (0  723)  (723  10)  (10  28)  (28  38)  (38  44)  (44  687)  (687  690)  (690  93)  (93  30)  (30  81)  (81  88)  (88  87)  (87  701)  (701  8)  (8  709)  (709  699)  (699  16)  (16  62)  (62  69)  (69  114)  (114  110)  (110  51)  (51  59)  (59  58)  (58  116)  (116  625)  (625  628)  (628  644)  (644  638)  (638  148)  (148  145)  (145  129)  (129  127)  (127  281)  (281  275)  (275  258)  (258  265)  (265  194)  (194  192)  (192  521)  (521  209)  (209  252)  (252  212)  (212  221)  (221  215)  (215  339)  (339  481)  (481  492)  (492  493)  (493  483)  (483  285)  (285  290)  (290  403)  (403  430)  (430  431)  (431  460)  (460  452)  (452  410)  (410  463)  (463  465)  (465  418)  (418  485)  (485  489)  (489  479)  (479  348)  (348  220)  (220  207)  (207  541)  (541  543)  (543  571)  (571  575)  (575  580)  (580  133)  (133  136)  (136  589)  (589  581)  (581  570)  (570  572)  (572  184)  (184  557)  (557  551)  (551  190)  (190  198)  (198  195)  (195  206)  (206  218)  (218  217)  (217  214)  (214  230)  (230  331)  (331  322)  (322  336)  (336  315)  (315  361)  (361  367)  (367  365)  (365  383)  (383  387)  (387  394)  (394  396)  (396  309)  (309  306)  (306  318)  (318  319)  (319  239)  (239  202)  (202  533)  (533  179)  (179  178)  (178  143)  (143  141)  (141  165)  (165  608)  (608  156)  (156  614)  (614  617)  (617  612)  (612  654)  (654  655)  (655  677)  (677  31)  (31  42)  (42  47)  (47  39)];[0  290  143  69  47  654  215  192  214  198  127  88  625  557  10  258  365  230  690  521  431  165  156  608  58  570  148  315  541  81  141  285  42  551  239  331  281  709  638  93  190  581  543  178  209  114  655  493  179  677  336  614  463  319  221  265  479  218  44  394  396  306  110  87  145  572  367  589  322  16  361  699  39  30  38  533  492  136  207  8  575  318  348  430  116  217  383  309  485  220  617  410  194  452  252  628  202  133  51  184  571  59  212  418  11  62  28  460  701  612  129  275  206  195  387  481  483  31  403  644  465  580  687  723  489  0];COPS-TABU
157rat783_T100_p1;782;782;157;1993,637;711,0;3254;[(576  555)  (555  540)  (540  528)  (528  514)  (514  494)  (494  459)  (459  432)  (432  425)  (425  408)  (408  409)  (409  390)  (390  371)  (371  325)  (325  317)  (317  339)  (339  372)  (372  382)  (382  401)  (401  415)  (415  445)  (445  486)  (486  513)  (513  523)  (523  580)  (580  603)  (603  614)  (614  663)  (663  672)  (672  692)  (692  739)  (739  748)  (748  749)  (749  763)  (763  752)  (752  743)  (743  727)  (727  681)  (681  657)  (657  584)  (584  549)  (549  545)  (545  544)  (544  531)  (531  480)  (480  470)  (470  450)  (450  395)  (395  398)  (398  393)  (393  354)  (354  333)  (333  323)  (323  308)  (308  270)  (270  251)  (251  193)  (193  180)  (180  169)  (169  134)  (134  108)  (108  105)  (105  37)  (37  42)  (42  33)  (33  27)  (27  92)  (92  53)  (53  61)  (61  49)  (49  34)  (34  4)  (4  2)  (2  76)  (76  73)  (73  94)  (94  66)  (66  45)  (45  40)  (40  22)  (22  16)  (16  0)  (0  51)  (51  109)  (109  138)  (138  146)  (146  150)  (150  151)  (151  162)  (162  168)  (168  156)  (156  149)  (149  128)  (128  129)  (129  196)  (196  212)  (212  220)  (220  250)  (250  252)  (252  280)  (280  289)  (289  255)  (255  242)  (242  204)  (204  235)  (235  241)  (241  238)  (238  275)  (275  288)  (288  326)  (326  334)  (334  358)  (358  386)  (386  389)  (389  435)  (435  444)  (444  481)  (481  483)  (483  516)  (516  533)  (533  593)  (593  611)  (611  626)  (626  647)  (647  651)  (651  670)  (670  704)  (704  717)  (717  759)  (759  757)  (757  758)  (758  712)  (712  706)  (706  656)  (656  627)  (627  635)  (635  576)];[0  494  308  196  334  432  540  386  627  593  66  759  580  193  358  42  288  408  398  670  545  459  663  94  739  758  763  450  22  4  150  480  435  681  395  146  409  657  531  333  108  481  168  251  444  317  76  151  2  138  576  584  372  238  743  27  169  748  33  34  220  706  614  445  149  483  752  255  371  425  555  514  105  73  61  180  354  415  513  49  235  672  757  45  128  382  727  651  533  635  611  401  516  129  470  486  250  692  544  40  289  704  656  323  717  156  749  92  252  241  242  162  270  523  53  393  280  647  528  212  109  51  626  339  390  389  603  712  204  549  275  134  325  326  37  16  0];COPS-TABU
157rat783_T100_p2;782;782;157;1963,955;35286,0;3257;[(393  373)  (373  333)  (333  323)  (323  278)  (278  260)  (260  253)  (253  193)  (193  180)  (180  147)  (147  141)  (141  148)  (148  83)  (83  86)  (86  68)  (68  31)  (31  34)  (34  53)  (53  61)  (61  49)  (49  4)  (4  2)  (2  76)  (76  73)  (73  93)  (93  66)  (66  45)  (45  40)  (40  22)  (22  16)  (16  0)  (0  51)  (51  138)  (138  146)  (146  150)  (150  151)  (151  194)  (194  204)  (204  238)  (238  235)  (235  241)  (241  276)  (276  288)  (288  316)  (316  326)  (326  343)  (343  342)  (342  386)  (386  389)  (389  428)  (428  444)  (444  481)  (481  559)  (559  575)  (575  560)  (560  568)  (568  626)  (626  647)  (647  651)  (651  659)  (659  674)  (674  731)  (731  735)  (735  759)  (759  756)  (756  732)  (732  765)  (765  748)  (748  749)  (749  763)  (763  752)  (752  743)  (743  727)  (727  707)  (707  669)  (669  662)  (662  594)  (594  591)  (591  603)  (603  614)  (614  621)  (621  602)  (602  586)  (586  590)  (590  534)  (534  528)  (528  514)  (514  512)  (512  491)  (491  454)  (454  459)  (459  409)  (409  408)  (408  392)  (392  345)  (345  331)  (331  315)  (315  257)  (257  239)  (239  231)  (231  162)  (162  168)  (168  156)  (156  123)  (123  128)  (128  129)  (129  188)  (188  212)  (212  220)  (220  282)  (282  281)  (281  286)  (286  350)  (350  347)  (347  363)  (363  384)  (384  387)  (387  436)  (436  463)  (463  475)  (475  513)  (513  523)  (523  552)  (552  508)  (508  501)  (501  509)  (509  480)  (480  450)  (450  398)  (398  393)];[0  763  123  428  40  68  512  83  282  594  260  373  626  590  436  647  765  759  93  347  749  333  129  752  575  534  220  350  552  278  523  756  193  513  212  4  45  674  568  559  392  398  387  168  444  748  66  591  408  286  735  409  156  150  288  651  326  31  162  463  147  603  475  34  389  732  138  363  386  731  231  146  459  528  707  2  22  659  238  253  743  662  614  602  141  276  204  151  481  315  491  621  560  514  257  235  384  342  61  508  393  188  480  586  180  53  316  281  669  73  49  450  239  51  16  509  727  76  128  86  454  501  323  194  343  241  148  331  345  0];COPS-TABU
201pr1002_T100_p1;1001;1001;200;2210,668;973,0;114171;[(851  838)  (838  835)  (835  815)  (815  816)  (816  822)  (822  821)  (821  809)  (809  803)  (803  799)  (799  798)  (798  795)  (795  600)  (600  601)  (601  603)  (603  604)  (604  608)  (608  629)  (629  632)  (632  633)  (633  435)  (435  460)  (460  427)  (427  452)  (452  451)  (451  584)  (584  586)  (586  575)  (575  587)  (587  588)  (588  590)  (590  591)  (591  558)  (558  547)  (547  542)  (542  536)  (536  535)  (535  532)  (532  521)  (521  515)  (515  516)  (516  566)  (566  578)  (578  476)  (476  471)  (471  470)  (470  481)  (481  491)  (491  490)  (490  485)  (485  486)  (486  512)  (512  501)  (501  500)  (500  497)  (497  223)  (223  221)  (221  210)  (210  208)  (208  206)  (206  207)  (207  193)  (193  194)  (194  186)  (186  182)  (182  181)  (181  173)  (173  172)  (172  171)  (171  166)  (166  165)  (165  139)  (139  142)  (142  143)  (143  148)  (148  994)  (994  246)  (246  245)  (245  262)  (262  261)  (261  269)  (269  257)  (257  121)  (121  122)  (122  100)  (100  99)  (99  132)  (132  76)  (76  77)  (77  78)  (78  74)  (74  0)  (0  70)  (70  68)  (68  54)  (54  53)  (53  50)  (50  16)  (16  17)  (17  23)  (23  24)  (24  30)  (30  29)  (29  327)  (327  326)  (326  312)  (312  311)  (311  308)  (308  109)  (109  112)  (112  113)  (113  281)  (281  283)  (283  298)  (298  295)  (295  288)  (288  402)  (402  406)  (406  405)  (405  410)  (410  369)  (369  368)  (368  387)  (387  386)  (386  392)  (392  395)  (395  336)  (336  337)  (337  345)  (345  348)  (348  353)  (353  355)  (355  659)  (659  657)  (657  653)  (653  621)  (621  620)  (620  614)  (614  729)  (729  735)  (735  736)  (736  698)  (698  697)  (697  693)  (693  713)  (713  714)  (714  727)  (727  664)  (664  665)  (665  669)  (669  673)  (673  674)  (674  683)  (683  987)  (987  982)  (982  979)  (979  949)  (949  948)  (948  942)  (942  954)  (954  939)  (939  938)  (938  961)  (961  766)  (766  762)  (762  750)  (750  791)  (791  790)  (790  757)  (757  758)  (758  777)  (777  775)  (775  932)  (932  931)  (931  929)  (929  925)  (925  908)  (908  904)  (904  903)  (903  926)  (926  879)  (879  875)  (875  876)  (876  893)  (893  894)  (894  865)  (865  852)  (852  850)  (850  851)];[0  76  762  932  961  54  30  939  471  100  207  261  113  295  312  491  536  865  387  16  632  954  908  586  99  584  210  311  353  838  348  112  521  451  790  791  262  893  23  173  982  50  53  894  172  851  879  24  803  600  698  875  664  987  614  587  629  405  750  547  148  460  345  727  904  452  757  850  729  78  735  777  798  392  165  337  166  193  386  852  281  369  194  979  308  181  535  532  336  736  245  29  566  942  326  697  435  298  410  501  485  713  206  327  368  665  835  139  575  186  109  621  406  926  657  122  674  77  246  516  938  809  500  486  775  659  799  683  669  288  476  608  121  402  815  132  558  758  620  949  512  578  171  876  283  591  653  590  714  673  604  143  542  603  223  948  515  470  257  497  481  816  633  395  821  221  70  693  903  142  994  74  182  931  68  822  490  269  795  208  355  427  601  929  925  0];COPS-TABU
201pr1002_T100_p2;1001;1001;200;2511,789;49534,0;114250;[(969  986)  (986  987)  (987  683)  (683  674)  (674  673)  (673  669)  (669  665)  (665  664)  (664  724)  (724  714)  (714  713)  (713  693)  (693  697)  (697  698)  (698  737)  (737  743)  (743  754)  (754  790)  (790  791)  (791  803)  (803  799)  (799  798)  (798  795)  (795  600)  (600  601)  (601  602)  (602  607)  (607  608)  (608  628)  (628  625)  (625  613)  (613  620)  (620  621)  (621  651)  (651  652)  (652  659)  (659  355)  (355  353)  (353  348)  (348  345)  (345  337)  (337  336)  (336  396)  (396  386)  (386  389)  (389  366)  (366  367)  (367  373)  (373  374)  (374  410)  (410  405)  (405  406)  (406  401)  (401  289)  (289  292)  (292  308)  (308  317)  (317  318)  (318  41)  (41  40)  (40  53)  (53  54)  (54  71)  (71  67)  (67  23)  (23  30)  (30  29)  (29  24)  (24  15)  (15  6)  (6  3)  (3  2)  (2  0)  (0  74)  (74  78)  (78  77)  (77  76)  (76  132)  (132  99)  (99  138)  (138  142)  (142  143)  (143  148)  (148  255)  (255  121)  (121  122)  (122  104)  (104  105)  (105  109)  (109  110)  (110  298)  (298  283)  (283  281)  (281  274)  (274  273)  (273  272)  (272  269)  (269  261)  (261  262)  (262  245)  (245  246)  (246  251)  (251  994)  (994  153)  (153  166)  (166  161)  (161  157)  (157  184)  (184  172)  (172  173)  (173  179)  (179  195)  (195  186)  (186  187)  (187  207)  (207  206)  (206  208)  (208  213)  (213  222)  (222  223)  (223  497)  (497  500)  (500  501)  (501  512)  (512  486)  (486  485)  (485  493)  (493  492)  (492  476)  (476  471)  (471  470)  (470  466)  (466  460)  (460  427)  (427  428)  (428  452)  (452  451)  (451  584)  (584  581)  (581  580)  (580  587)  (587  588)  (588  570)  (570  566)  (566  516)  (516  515)  (515  521)  (521  533)  (533  532)  (532  534)  (534  542)  (542  547)  (547  551)  (551  821)  (821  822)  (822  816)  (816  815)  (815  835)  (835  836)  (836  1001)  (1001  858)  (858  852)  (852  851)  (851  850)  (850  894)  (894  893)  (893  892)  (892  890)  (890  884)  (884  883)  (883  926)  (926  904)  (904  912)  (912  911)  (911  780)  (780  782)  (782  758)  (758  765)  (765  766)  (766  961)  (961  960)  (960  936)  (936  941)  (941  942)  (942  951)  (951  950)  (950  969)];[0  138  428  570  161  521  486  401  620  153  292  348  941  389  766  713  76  262  374  758  410  493  195  451  791  353  223  246  651  836  588  143  659  912  987  602  99  608  542  822  187  664  71  584  245  782  29  261  621  673  799  674  53  547  272  207  396  222  148  652  157  969  23  516  2  754  892  532  485  405  298  179  601  213  628  460  665  669  173  625  683  471  251  533  121  6  816  283  367  851  1001  186  890  77  852  790  24  466  184  893  936  30  109  470  105  607  492  476  208  427  206  67  986  3  104  166  815  858  317  15  994  551  78  336  926  795  355  904  122  960  54  337  580  693  142  534  714  737  821  500  566  289  318  850  894  452  765  132  74  501  373  308  961  281  613  951  798  345  110  698  512  743  172  884  803  581  911  366  883  406  697  255  780  40  835  724  515  274  497  273  386  41  587  950  942  269  600  0];COPS-TABU
20kroA100_T100_p1;99;99;20;23,764;92,0;9689;[(46  10)  (10  14)  (14  26)  (26  11)  (11  13)  (13  47)  (47  77)  (77  95)  (95  81)  (81  49)  (49  43)  (43  68)  (68  27)  (27  0)  (0  7)  (7  18)  (18  52)  (52  89)  (89  46)];[0  26  52  11  68  43  10  18  89  7  13  81  49  14  47  77  46  27  95  0];COPS-TABU
20kroA100_T100_p2;99;99;20;7,215;4320,0;9686;[(81  43)  (43  49)  (49  63)  (63  66)  (66  0)  (0  91)  (91  7)  (7  3)  (3  65)  (65  15)  (15  23)  (23  10)  (10  31)  (31  26)  (26  11)  (11  33)  (33  81)];[0  23  91  11  3  15  33  43  66  31  65  7  81  49  26  10  0];COPS-TABU
20kroB100_T100_p1;99;99;20;18,623;95,0;10233;[(38  68)  (68  48)  (48  64)  (64  36)  (36  87)  (87  95)  (95  91)  (91  1)  (1  13)  (13  82)  (82  86)  (86  83)  (83  8)  (8  89)  (89  0)  (0  7)  (7  2)  (2  92)  (92  38)];[0  1  8  13  7  95  89  48  87  64  83  91  86  36  2  92  82  38  68  0];COPS-TABU
20kroB100_T100_p2;99;99;20;33,047;4758,0;9884;[(98  96)  (96  72)  (72  69)  (69  68)  (68  74)  (74  64)  (64  36)  (36  42)  (42  49)  (49  1)  (1  77)  (77  62)  (62  41)  (41  82)  (82  73)  (73  56)  (56  0)  (0  94)  (94  98)];[0  1  69  72  68  94  96  41  74  98  77  36  49  62  42  82  73  64  56  0];COPS-TABU
20kroC100_T100_p1;99;99;20;37,148;95,0;9178;[(26  84)  (84  0)  (0  25)  (25  60)  (60  36)  (36  17)  (17  13)  (13  59)  (59  40)  (40  88)  (88  22)  (22  90)  (90  85)  (85  70)  (70  37)  (37  57)  (57  7)  (7  30)  (30  66)  (66  26)];[0  70  66  22  40  57  90  25  59  7  30  88  84  13  37  85  60  36  26  17  0];COPS-TABU
20kroC100_T100_p2;99;99;20;59,385;4818,0;9178;[(3  98)  (98  48)  (48  36)  (36  60)  (60  25)  (25  52)  (52  0)  (0  84)  (84  14)  (14  66)  (66  30)  (30  7)  (7  16)  (16  37)  (37  70)  (70  55)  (55  90)  (90  22)  (22  88)  (88  40)  (40  3)];[0  90  37  60  55  98  48  84  36  30  22  16  40  14  70  25  66  88  7  3  0];COPS-TABU
20kroD100_T100_p1;99;99;20;34,318;93,0;9408;[(80  33)  (33  0)  (0  16)  (16  89)  (89  10)  (10  6)  (6  77)  (77  44)  (44  85)  (85  24)  (24  9)  (9  18)  (18  36)  (36  61)  (61  53)  (53  62)  (62  14)  (14  83)  (83  80)];[0  18  83  77  36  16  89  53  6  10  33  62  85  80  61  14  24  44  9  0];COPS-TABU
20kroD100_T100_p2;99;99;20;15,472;4683,0;9394;[(0  33)  (33  80)  (80  83)  (83  14)  (14  62)  (62  53)  (53  2)  (2  19)  (19  25)  (25  9)  (9  46)  (46  44)  (44  30)  (30  66)  (66  35)  (35  10)  (10  89)  (89  16)  (16  0)];[0  2  30  35  89  66  80  16  62  9  44  33  53  25  14  19  46  10  83  0];COPS-TABU
20kroE100_T100_p1;99;99;20;38,124;96,0;9507;[(46  13)  (13  47)  (47  32)  (32  38)  (38  42)  (42  33)  (33  36)  (36  5)  (5  12)  (12  74)  (74  8)  (8  24)  (24  53)  (53  55)  (55  22)  (22  6)  (6  20)  (20  0)  (0  82)  (82  46)];[0  55  74  12  53  42  47  6  33  5  36  22  82  32  46  20  38  13  24  8  0];COPS-TABU
20kroE100_T100_p2;99;99;20;6,941;4415,0;9518;[(0  20)  (20  6)  (6  22)  (22  14)  (14  9)  (9  8)  (8  26)  (26  5)  (5  36)  (36  33)  (33  23)  (23  17)  (17  21)  (21  32)  (32  13)  (13  15)  (15  0)];[0  6  26  33  9  17  20  21  15  23  14  8  13  36  32  5  22  0];COPS-TABU
20rat99_T100_p1;98;98;20;8,685;90,0;490;[(0  1)  (1  11)  (11  21)  (21  33)  (33  43)  (43  44)  (44  70)  (70  79)  (79  88)  (88  94)  (94  67)  (67  66)  (66  65)  (65  46)  (46  39)  (39  20)  (20  10)  (10  0)];[0  20  11  21  33  65  46  43  39  88  94  67  10  66  79  70  1  44  0];COPS-TABU
20rat99_T100_p2;98;98;20;9,296;4407,0;495;[(0  1)  (1  10)  (10  37)  (37  38)  (38  55)  (55  64)  (64  66)  (66  67)  (67  88)  (88  79)  (79  70)  (70  52)  (52  32)  (32  14)  (14  6)  (6  4)  (4  0)];[0  88  1  38  32  4  14  55  64  37  79  70  6  67  66  52  10  0];COPS-TABU
20rd100_T100_p1;99;99;20;90,125;97,0;3602;[(7  0)  (0  14)  (14  62)  (62  31)  (31  77)  (77  32)  (32  37)  (37  18)  (18  36)  (36  93)  (93  15)  (15  44)  (44  22)  (22  43)  (43  54)  (54  41)  (41  60)  (60  4)  (4  89)  (89  7)];[0  14  89  62  41  36  77  4  15  44  43  54  31  18  60  37  32  7  93  22  0];COPS-TABU
20rd100_T100_p2;99;99;20;84,158;4831,0;3473;[(7  0)  (0  14)  (14  62)  (62  20)  (20  77)  (77  32)  (32  37)  (37  18)  (18  36)  (36  97)  (97  93)  (93  35)  (35  51)  (51  99)  (99  38)  (38  6)  (6  41)  (41  79)  (79  47)  (47  7)];[0  47  97  18  20  79  77  6  14  36  38  41  7  93  37  32  99  51  62  35  0];COPS-TABU
212u1060_T100_p1;1059;1059;212;2096,344;1053,0;105457;[(496  519)  (519  515)  (515  504)  (504  511)  (511  506)  (506  498)  (498  493)  (493  492)  (492  483)  (483  420)  (420  419)  (419  414)  (414  427)  (427  399)  (399  398)  (398  395)  (395  394)  (394  382)  (382  381)  (381  367)  (367  366)  (366  371)  (371  372)  (372  280)  (280  283)  (283  282)  (282  388)  (388  275)  (275  273)  (273  271)  (271  267)  (267  264)  (264  255)  (255  249)  (249  235)  (235  234)  (234  222)  (222  852)  (852  842)  (842  850)  (850  917)  (917  920)  (920  860)  (860  862)  (862  907)  (907  906)  (906  896)  (896  895)  (895  879)  (879  872)  (872  871)  (871  866)  (866  210)  (210  207)  (207  206)  (206  258)  (258  261)  (261  197)  (197  194)  (194  190)  (190  189)  (189  180)  (180  173)  (173  161)  (161  160)  (160  143)  (143  140)  (140  131)  (131  887)  (887  108)  (108  109)  (109  96)  (96  97)  (97  101)  (101  121)  (121  125)  (125  126)  (126  7)  (7  4)  (4  3)  (3  0)  (0  1055)  (1055  1052)  (1052  1053)  (1053  31)  (31  26)  (26  11)  (11  12)  (12  21)  (21  85)  (85  87)  (87  82)  (82  77)  (77  79)  (79  74)  (74  72)  (72  42)  (42  39)  (39  37)  (37  1040)  (1040  1046)  (1046  1034)  (1034  1032)  (1032  1031)  (1031  61)  (61  62)  (62  66)  (66  1004)  (1004  1003)  (1003  984)  (984  980)  (980  972)  (972  964)  (964  948)  (948  950)  (950  951)  (951  952)  (952  933)  (933  944)  (944  942)  (942  941)  (941  827)  (827  939)  (939  935)  (935  938)  (938  833)  (833  834)  (834  821)  (821  822)  (822  808)  (808  809)  (809  816)  (816  815)  (815  308)  (308  311)  (311  302)  (302  300)  (300  299)  (299  349)  (349  351)  (351  348)  (348  344)  (344  327)  (327  324)  (324  331)  (331  337)  (337  340)  (340  342)  (342  800)  (800  791)  (791  788)  (788  766)  (766  760)  (760  759)  (759  749)  (749  533)  (533  549)  (549  550)  (550  543)  (543  542)  (542  747)  (747  740)  (740  739)  (739  736)  (736  574)  (574  575)  (575  729)  (729  731)  (731  727)  (727  724)  (724  706)  (706  705)  (705  708)  (708  711)  (711  678)  (678  676)  (676  674)  (674  673)  (673  642)  (642  641)  (641  626)  (626  624)  (624  616)  (616  613)  (613  609)  (609  605)  (605  604)  (604  435)  (435  433)  (433  440)  (440  441)  (441  446)  (446  595)  (595  593)  (593  694)  (694  695)  (695  696)  (696  569)  (569  562)  (562  561)  (561  462)  (462  463)  (463  466)  (466  469)  (469  477)  (477  479)  (479  496)];[0  42  348  706  766  862  280  420  351  729  562  575  543  446  860  11  258  569  331  736  264  299  337  519  1032  980  616  381  800  74  808  574  1034  791  948  466  61  161  79  609  498  143  1046  879  433  87  97  367  399  866  477  469  952  234  3  189  382  388  1004  850  37  759  705  917  21  942  871  641  740  282  493  511  816  483  984  222  210  815  398  441  255  121  366  101  920  933  108  1003  595  506  283  26  674  935  419  613  12  207  708  344  180  308  194  125  809  1055  504  77  678  324  85  695  302  642  39  206  395  140  605  249  624  821  542  533  340  833  749  327  435  126  852  492  515  673  479  951  440  1052  593  197  834  496  394  1031  349  4  842  711  414  694  561  235  604  549  827  895  31  300  788  1053  822  82  96  724  462  1040  62  371  160  896  271  72  972  550  372  275  261  872  939  760  190  727  173  427  131  463  747  311  731  887  964  907  944  676  739  696  906  7  109  950  941  267  938  273  342  66  626  0];COPS-TABU
212u1060_T100_p2;1059;1059;212;2713,35;53310,0;105554;[(42  72)  (72  73)  (73  67)  (67  61)  (61  62)  (62  1028)  (1028  1002)  (1002  997)  (997  984)  (984  973)  (973  972)  (972  964)  (964  963)  (963  949)  (949  953)  (953  930)  (930  931)  (931  944)  (944  943)  (943  941)  (941  828)  (828  939)  (939  935)  (935  938)  (938  833)  (833  834)  (834  821)  (821  822)  (822  808)  (808  809)  (809  814)  (814  317)  (317  321)  (321  349)  (349  351)  (351  348)  (348  344)  (344  329)  (329  332)  (332  337)  (337  340)  (340  342)  (342  795)  (795  789)  (789  788)  (788  772)  (772  760)  (760  759)  (759  751)  (751  533)  (533  535)  (535  747)  (747  746)  (746  739)  (739  544)  (544  736)  (736  574)  (574  575)  (575  730)  (730  727)  (727  724)  (724  696)  (696  695)  (695  694)  (694  701)  (701  719)  (719  709)  (709  713)  (713  717)  (717  714)  (714  675)  (675  674)  (674  673)  (673  642)  (642  641)  (641  626)  (626  623)  (623  616)  (616  613)  (613  609)  (609  605)  (605  604)  (604  435)  (435  433)  (433  440)  (440  441)  (441  447)  (447  595)  (595  593)  (593  569)  (569  562)  (562  561)  (561  554)  (554  550)  (550  549)  (549  468)  (468  475)  (475  474)  (474  479)  (479  496)  (496  502)  (502  503)  (503  515)  (515  504)  (504  509)  (509  508)  (508  493)  (493  492)  (492  366)  (366  368)  (368  485)  (485  420)  (420  419)  (419  414)  (414  427)  (427  399)  (399  396)  (396  395)  (395  394)  (394  382)  (382  381)  (381  375)  (375  370)  (370  297)  (297  300)  (300  303)  (303  308)  (308  309)  (309  249)  (249  234)  (234  235)  (235  845)  (845  846)  (846  855)  (855  224)  (224  222)  (222  212)  (212  211)  (211  207)  (207  206)  (206  258)  (258  261)  (261  264)  (264  255)  (255  283)  (283  281)  (281  389)  (389  278)  (278  277)  (277  267)  (267  271)  (271  197)  (197  194)  (194  190)  (190  189)  (189  177)  (177  176)  (176  166)  (166  165)  (165  143)  (143  140)  (140  884)  (884  872)  (872  871)  (871  879)  (879  906)  (906  907)  (907  911)  (911  862)  (862  916)  (916  896)  (896  895)  (895  93)  (93  90)  (90  79)  (79  81)  (81  46)  (46  83)  (83  22)  (22  15)  (15  14)  (14  104)  (104  94)  (94  109)  (109  108)  (108  134)  (134  125)  (125  126)  (126  7)  (7  4)  (4  1)  (1  0)  (0  1059)  (1059  1054)  (1054  1053)  (1053  1052)  (1052  31)  (31  27)  (27  26)  (26  1046)  (1046  1040)  (1040  1034)  (1034  1031)  (1031  1032)  (1032  37)  (37  39)  (39  42)];[0  724  235  267  93  264  189  939  1054  984  895  165  177  108  855  626  821  419  329  701  554  433  931  109  271  303  249  493  642  283  375  1028  1059  569  351  549  972  846  194  916  574  420  206  809  474  190  871  79  42  943  503  641  593  544  759  61  613  321  845  822  46  1046  605  224  348  502  508  83  709  176  94  696  197  14  427  31  751  550  562  281  90  207  727  997  485  475  278  944  440  575  884  368  15  896  789  140  695  509  760  27  366  730  62  394  535  261  81  713  396  73  1031  37  935  258  317  399  739  468  747  26  435  414  674  814  143  907  561  492  595  1053  504  834  441  297  255  906  337  1002  277  39  382  72  911  772  694  746  719  381  1  673  879  938  340  300  344  604  1052  1040  349  395  4  309  872  308  964  1032  234  22  332  795  616  447  496  714  675  342  1034  533  125  930  479  788  515  736  389  166  862  211  222  134  808  370  828  717  212  963  609  973  104  126  949  623  953  941  67  833  7  0];COPS-TABU
217vm1084_T100_p1;1083;1083;217;2887,854;1065,0;130468;[(188  502)  (502  104)  (104  244)  (244  649)  (649  591)  (591  74)  (74  72)  (72  264)  (264  984)  (984  56)  (56  1001)  (1001  152)  (152  545)  (545  308)  (308  627)  (627  96)  (96  566)  (566  569)  (569  563)  (563  201)  (201  88)  (88  474)  (474  383)  (383  435)  (435  498)  (498  103)  (103  248)  (248  374)  (374  577)  (577  258)  (258  252)  (252  506)  (506  173)  (173  64)  (64  578)  (578  243)  (243  593)  (593  503)  (503  200)  (200  123)  (123  558)  (558  155)  (155  52)  (52  535)  (535  51)  (51  772)  (772  990)  (990  1041)  (1041  238)  (238  905)  (905  821)  (821  475)  (475  68)  (68  413)  (413  511)  (511  988)  (988  1014)  (1014  940)  (940  437)  (437  454)  (454  515)  (515  42)  (42  182)  (182  433)  (433  434)  (434  439)  (439  775)  (775  919)  (919  1027)  (1027  594)  (594  446)  (446  636)  (636  792)  (792  596)  (596  637)  (637  1059)  (1059  808)  (808  657)  (657  406)  (406  877)  (877  964)  (964  921)  (921  915)  (915  838)  (838  744)  (744  764)  (764  745)  (745  280)  (280  199)  (199  493)  (493  11)  (11  196)  (196  137)  (137  485)  (485  283)  (283  304)  (304  359)  (359  365)  (365  324)  (324  149)  (149  205)  (205  10)  (10  344)  (344  317)  (317  40)  (40  36)  (36  357)  (357  337)  (337  16)  (16  331)  (331  601)  (601  274)  (274  458)  (458  467)  (467  273)  (273  452)  (452  277)  (277  470)  (470  295)  (295  404)  (404  5)  (5  195)  (195  272)  (272  298)  (298  126)  (126  619)  (619  330)  (330  233)  (233  341)  (341  84)  (84  41)  (41  219)  (219  425)  (425  229)  (229  300)  (300  323)  (323  278)  (278  389)  (389  335)  (335  643)  (643  642)  (642  301)  (301  270)  (270  267)  (267  837)  (837  664)  (664  933)  (933  684)  (684  874)  (874  281)  (281  339)  (339  342)  (342  27)  (27  315)  (315  332)  (332  868)  (868  830)  (830  835)  (835  848)  (848  21)  (21  326)  (326  226)  (226  423)  (423  294)  (294  293)  (293  934)  (934  118)  (118  108)  (108  106)  (106  585)  (585  605)  (605  1049)  (1049  604)  (604  615)  (615  170)  (170  171)  (171  599)  (599  95)  (95  44)  (44  626)  (626  451)  (451  107)  (107  43)  (43  516)  (516  172)  (172  386)  (386  35)  (35  421)  (421  438)  (438  444)  (444  453)  (453  508)  (508  583)  (583  375)  (375  373)  (373  581)  (581  608)  (608  580)  (580  62)  (62  256)  (256  0)  (0  188)];[0  558  386  444  35  277  315  188  434  535  934  40  874  437  68  365  295  42  44  601  423  563  244  199  264  451  608  149  990  503  835  301  585  637  406  848  984  375  566  821  636  964  326  229  764  569  36  274  201  837  643  933  152  331  258  383  498  413  919  657  475  104  16  1001  580  226  243  452  273  88  283  604  474  615  619  808  470  107  304  205  317  792  248  11  219  404  10  373  173  233  293  502  330  940  96  627  108  344  435  196  775  155  838  5  581  515  1041  649  439  1027  62  256  599  467  324  272  458  84  118  357  323  453  485  41  745  172  280  915  27  583  988  43  137  170  545  506  182  664  591  52  64  72  342  56  921  596  446  868  123  1014  374  830  1049  21  772  594  281  389  578  106  337  308  511  278  454  339  433  171  626  270  425  51  905  516  103  605  74  95  238  877  508  1059  252  298  493  332  335  294  744  438  359  642  267  684  126  341  300  421  593  577  200  0];COPS-TABU
217vm1084_T100_p2;1083;1083;217;2834,625;54021,0;130702;[(199  208)  (208  915)  (915  838)  (838  165)  (165  745)  (745  166)  (166  15)  (15  645)  (645  283)  (283  359)  (359  268)  (268  279)  (279  137)  (137  324)  (324  402)  (402  205)  (205  10)  (10  344)  (344  288)  (288  357)  (357  337)  (337  16)  (16  331)  (331  601)  (601  274)  (274  458)  (458  467)  (467  452)  (452  464)  (464  224)  (224  144)  (144  419)  (419  295)  (295  404)  (404  189)  (189  143)  (143  195)  (195  276)  (276  327)  (327  619)  (619  126)  (126  330)  (330  233)  (233  84)  (84  41)  (41  345)  (345  425)  (425  229)  (229  323)  (323  278)  (278  389)  (389  335)  (335  643)  (643  642)  (642  301)  (301  270)  (270  267)  (267  837)  (837  997)  (997  878)  (878  684)  (684  849)  (849  281)  (281  342)  (342  484)  (484  27)  (27  315)  (315  332)  (332  265)  (265  868)  (868  835)  (835  848)  (848  21)  (21  275)  (275  226)  (226  423)  (423  294)  (294  482)  (482  121)  (121  118)  (118  1049)  (1049  605)  (605  585)  (585  106)  (106  108)  (108  44)  (44  95)  (95  626)  (626  451)  (451  107)  (107  43)  (43  522)  (522  172)  (172  386)  (386  35)  (35  421)  (421  438)  (438  179)  (179  469)  (469  508)  (508  375)  (375  583)  (583  171)  (171  170)  (170  604)  (604  615)  (615  373)  (373  581)  (581  608)  (608  580)  (580  259)  (259  0)  (0  188)  (188  502)  (502  104)  (104  244)  (244  77)  (77  372)  (372  468)  (468  58)  (58  73)  (73  606)  (606  56)  (56  1025)  (1025  152)  (152  545)  (545  308)  (308  630)  (630  176)  (176  395)  (395  592)  (592  474)  (474  88)  (88  46)  (46  201)  (201  154)  (154  569)  (569  566)  (566  32)  (32  565)  (565  535)  (535  51)  (51  52)  (52  559)  (559  155)  (155  983)  (983  718)  (718  92)  (92  98)  (98  632)  (632  503)  (503  76)  (76  103)  (103  498)  (498  501)  (501  653)  (653  261)  (261  254)  (254  381)  (381  506)  (506  173)  (173  255)  (255  578)  (578  243)  (243  239)  (239  905)  (905  821)  (821  475)  (475  68)  (68  413)  (413  511)  (511  988)  (988  1014)  (1014  720)  (720  437)  (437  553)  (553  454)  (454  515)  (515  93)  (93  457)  (457  422)  (422  571)  (571  439)  (439  966)  (966  907)  (907  863)  (863  1042)  (1042  594)  (594  948)  (948  753)  (753  596)  (596  637)  (637  1059)  (1059  808)  (808  800)  (800  964)  (964  406)  (406  39)  (39  40)  (40  317)  (317  206)  (206  150)  (150  496)  (496  394)  (394  199)];[0  137  265  188  46  608  837  878  423  144  294  559  997  569  330  208  632  464  515  173  176  502  413  821  281  988  402  275  152  522  121  68  276  394  566  565  244  457  545  324  386  425  58  359  44  40  451  578  166  224  605  254  452  118  745  317  419  108  581  585  395  270  506  835  279  143  106  288  357  165  501  469  93  915  150  43  907  84  239  619  948  323  98  41  643  1014  406  315  645  606  267  52  331  283  155  195  381  295  107  201  35  1049  103  484  508  95  684  753  171  301  233  454  56  496  596  226  27  604  571  474  259  630  1059  229  51  92  278  77  642  594  637  404  243  800  475  535  592  389  88  274  73  964  438  437  583  868  179  206  983  653  849  170  255  838  189  199  372  498  468  375  718  1042  154  1025  467  601  848  10  966  205  458  342  482  335  104  344  261  76  308  503  580  345  337  39  511  327  422  905  332  439  21  863  172  16  808  553  268  615  626  421  720  32  373  126  0];COPS-TABU
21eil101_T100_p1;100;100;21;80,165;95,0;237;[(27  0)  (0  68)  (68  69)  (69  29)  (29  19)  (19  18)  (18  81)  (81  59)  (59  4)  (4  83)  (83  43)  (43  13)  (13  41)  (41  22)  (22  55)  (55  54)  (54  23)  (23  67)  (67  76)  (76  27)];[0  4  59  76  69  41  54  68  29  67  55  43  83  22  19  13  23  81  18  0];COPS-TABU
21eil101_T100_p2;100;100;21;50,202;4836,0;247;[(10  6)  (6  81)  (81  7)  (7  82)  (82  43)  (43  13)  (13  93)  (93  12)  (12  1)  (1  56)  (56  22)  (22  38)  (38  23)  (23  79)  (79  0)  (0  50)  (50  19)  (19  29)  (29  10)];[0  56  7  6  1  82  12  38  29  22  23  10  81  50  19  43  79  93  13  0];COPS-TABU
21lin105_T100_p1;104;104;21;124,534;98,0;8083;[(22  23)  (23  35)  (35  50)  (50  49)  (49  54)  (54  61)  (61  63)  (63  72)  (72  98)  (98  93)  (93  87)  (87  64)  (64  37)  (37  33)  (33  12)  (12  4)  (4  2)  (2  0)  (0  1)  (1  19)  (19  22)];[0  50  22  63  19  54  64  98  49  4  72  35  12  87  61  23  1  93  2  33  37  0];COPS-TABU
21lin105_T100_p2;104;104;21;65,727;5030,0;8170;[(0  2)  (2  13)  (13  34)  (34  37)  (37  60)  (60  86)  (86  93)  (93  92)  (92  91)  (91  85)  (85  78)  (78  54)  (54  49)  (49  40)  (40  36)  (36  23)  (23  22)  (22  19)  (19  1)  (1  0)];[0  40  1  85  49  91  37  19  60  23  78  92  22  36  34  86  54  2  93  13  0];COPS-TABU
22pr107_T100_p1;106;106;22;81,388;97,0;27782;[(62  69)  (69  70)  (70  74)  (74  79)  (79  83)  (83  88)  (88  93)  (93  55)  (55  54)  (54  43)  (43  41)  (41  38)  (38  30)  (30  24)  (24  23)  (23  19)  (19  6)  (6  2)  (2  0)  (0  5)  (5  62)];[0  6  30  62  55  93  54  24  69  79  23  5  74  88  2  19  38  83  41  70  43  0];COPS-TABU
22pr107_T100_p2;106;106;22;57,52;5006,0;27807;[(47  48)  (48  55)  (55  56)  (56  57)  (57  58)  (58  59)  (59  60)  (60  61)  (61  62)  (62  1)  (1  0)  (0  2)  (2  6)  (6  12)  (12  18)  (18  24)  (24  30)  (30  36)  (36  41)  (41  42)  (42  47)];[0  61  2  1  48  56  55  62  18  36  60  42  30  58  57  24  59  12  6  47  41  0];COPS-TABU
25pr124_T100_p1;123;123;25;162,225;110,0;36406;[(98  97)  (97  70)  (70  66)  (66  65)  (65  58)  (58  29)  (29  31)  (31  2)  (2  0)  (0  27)  (27  28)  (28  36)  (36  54)  (54  42)  (42  44)  (44  9)  (9  10)  (10  14)  (14  46)  (46  87)  (87  86)  (86  90)  (90  118)  (118  98)];[0  58  98  29  66  27  46  44  54  10  118  97  14  36  87  42  9  28  70  86  65  2  90  31  0];COPS-TABU
25pr124_T100_p2;123;123;25;229,75;5903,0;36498;[(115  90)  (90  89)  (89  111)  (111  103)  (103  49)  (49  48)  (48  13)  (13  15)  (15  43)  (43  42)  (42  38)  (38  7)  (7  0)  (0  1)  (1  31)  (31  30)  (30  35)  (35  58)  (58  64)  (64  73)  (73  74)  (74  80)  (80  119)  (119  115)];[0  103  74  35  48  30  49  80  7  38  89  115  119  73  13  15  42  111  1  43  64  31  90  58  0];COPS-TABU
26bier127_T100_p1;126;126;26;117,359;125,0;70024;[(68  72)  (72  115)  (115  0)  (0  1)  (1  43)  (43  29)  (29  26)  (26  24)  (24  96)  (96  122)  (122  126)  (126  106)  (106  110)  (110  45)  (45  64)  (64  88)  (88  91)  (91  103)  (103  85)  (85  86)  (86  118)  (118  62)  (62  100)  (100  81)  (81  125)  (125  68)];[0  68  100  45  26  1  43  110  72  91  24  29  86  103  88  115  118  85  126  106  81  96  125  64  122  62  0];COPS-TABU
26bier127_T100_p2;126;126;26;150,673;6314,0;68887;[(55  43)  (43  45)  (45  110)  (110  106)  (106  126)  (126  122)  (122  96)  (96  31)  (31  26)  (26  29)  (29  0)  (0  21)  (21  16)  (16  74)  (74  125)  (125  82)  (82  101)  (101  62)  (62  118)  (118  86)  (86  84)  (84  103)  (103  91)  (91  88)  (88  64)  (64  57)  (57  55)];[0  57  84  86  16  122  29  21  43  55  125  110  88  91  26  31  126  118  64  96  62  74  106  82  103  101  0];COPS-TABU
26ch130_T100_p1;129;129;26;253,474;124,0;2791;[(42  25)  (25  63)  (63  60)  (60  108)  (108  0)  (0  1)  (1  49)  (49  2)  (2  114)  (114  89)  (89  77)  (77  21)  (21  36)  (36  121)  (121  48)  (48  71)  (71  74)  (74  51)  (51  80)  (80  23)  (23  18)  (18  88)  (88  112)  (112  97)  (97  42)];[0  21  49  112  97  2  23  48  74  108  36  18  1  89  42  114  121  51  80  60  88  63  71  25  77  0];COPS-TABU
26ch130_T100_p2;129;129;26;291,877;6150,0;2812;[(23  14)  (14  18)  (18  42)  (42  62)  (62  6)  (6  87)  (87  123)  (123  0)  (0  15)  (15  104)  (104  61)  (61  82)  (82  124)  (124  77)  (77  21)  (21  36)  (36  121)  (121  3)  (3  105)  (105  72)  (72  51)  (51  74)  (74  80)  (80  118)  (118  76)  (76  23)];[0  21  18  51  74  62  118  3  82  105  15  104  124  36  80  42  23  77  61  6  14  121  87  123  0];COPS-TABU
28pr136_T100_p1;135;135;28;209,922;129,0;41936;[(108  75)  (75  74)  (74  71)  (71  64)  (64  61)  (61  4)  (4  5)  (5  0)  (0  15)  (15  19)  (19  8)  (8  13)  (13  11)  (11  46)  (46  54)  (54  47)  (47  42)  (42  88)  (88  90)  (90  114)  (114  123)  (123  112)  (112  110)  (110  128)  (128  108)];[0  5  71  19  46  112  13  128  47  61  108  88  74  90  64  4  54  123  15  114  75  110  8  42  11  0];COPS-TABU
28pr136_T100_p2;135;135;28;183,035;6587,0;42500;[(26  7)  (7  6)  (6  0)  (0  29)  (29  37)  (37  61)  (61  75)  (75  74)  (74  97)  (97  106)  (106  105)  (105  116)  (116  127)  (127  124)  (124  113)  (113  91)  (91  100)  (100  88)  (88  54)  (54  44)  (44  45)  (45  12)  (12  2)  (2  8)  (8  9)  (9  26)];[0  105  37  116  91  8  6  44  9  74  106  88  127  97  12  7  26  45  29  124  100  54  113  61  75  0];COPS-TABU
29pr144_T100_p1;143;143;29;300,794;139,0;45093;[(17  44)  (44  68)  (68  76)  (76  75)  (75  92)  (92  115)  (115  121)  (121  114)  (114  138)  (138  139)  (139  110)  (110  83)  (83  108)  (108  107)  (107  102)  (102  87)  (87  45)  (45  53)  (53  52)  (52  32)  (32  29)  (29  26)  (26  1)  (1  0)  (0  22)  (22  39)  (39  18)  (18  17)];[0  108  39  18  114  44  107  17  92  53  83  1  32  121  115  26  138  45  139  75  29  76  22  87  102  68  52  110  0];COPS-TABU
29pr144_T100_p2;143;143;29;273,685;6981,0;45755;[(116  92)  (92  72)  (72  76)  (76  68)  (68  42)  (42  14)  (14  18)  (18  36)  (36  26)  (26  29)  (29  1)  (1  0)  (0  32)  (32  51)  (51  53)  (53  47)  (47  87)  (87  102)  (102  103)  (103  108)  (108  107)  (107  83)  (83  113)  (113  139)  (139  138)  (138  114)  (114  128)  (128  116)];[0  114  72  107  1  26  18  113  14  92  128  32  68  76  36  116  139  108  83  87  51  53  138  29  102  47  42  0];COPS-TABU
30ch150_T100_p1;149;149;30;266,538;135,0;2746;[(49  69)  (69  107)  (107  36)  (36  41)  (41  52)  (52  117)  (117  10)  (10  147)  (147  40)  (40  48)  (48  71)  (71  121)  (121  13)  (13  44)  (44  127)  (127  2)  (2  112)  (112  0)  (0  6)  (6  96)  (96  74)  (74  145)  (145  125)  (125  32)  (32  91)  (91  140)  (140  49)];[0  6  147  145  40  2  107  71  112  69  13  48  41  127  125  10  121  36  96  32  91  49  74  117  44  52  0];COPS-TABU
30ch150_T100_p2;149;149;30;237,55;6906,0;2737;[(16  126)  (126  117)  (117  138)  (138  41)  (41  36)  (36  107)  (107  69)  (69  64)  (64  74)  (74  25)  (25  96)  (96  123)  (123  7)  (7  0)  (0  9)  (9  124)  (124  70)  (70  105)  (105  12)  (12  71)  (71  48)  (48  13)  (13  121)  (121  133)  (133  108)  (108  115)  (115  16)];[0  25  121  13  74  16  7  71  105  115  107  133  108  48  64  36  117  12  126  70  124  138  69  41  9  123  96  0];COPS-TABU
30kroA150_T100_p1;149;149;30;338,657;139,0;10972;[(22  59)  (59  148)  (148  54)  (54  28)  (28  131)  (131  135)  (135  13)  (13  95)  (95  36)  (36  102)  (102  115)  (115  49)  (49  43)  (43  68)  (68  107)  (107  104)  (104  0)  (0  7)  (7  41)  (41  138)  (138  55)  (55  65)  (65  87)  (87  78)  (78  105)  (105  9)  (9  71)  (71  22)];[0  59  104  95  28  71  68  102  43  131  148  87  54  115  41  138  9  13  65  22  135  78  7  36  49  107  55  105  0];COPS-TABU
30kroA150_T100_p2;149;149;30;270,552;6801,0;10820;[(4  36)  (36  12)  (12  94)  (94  1)  (1  72)  (72  113)  (113  68)  (68  107)  (107  104)  (104  27)  (27  0)  (0  7)  (7  41)  (41  138)  (138  55)  (55  105)  (105  78)  (78  17)  (17  23)  (23  37)  (37  10)  (10  31)  (31  149)  (149  85)  (85  33)  (33  28)  (28  131)  (131  4)];[0  131  78  10  138  94  31  12  72  37  28  113  41  55  17  7  105  36  4  33  27  68  149  107  23  85  104  0];COPS-TABU
30kroB150_T100_p1;149;149;30;185,325;147,0;12181;[(27  113)  (113  16)  (16  5)  (5  79)  (79  30)  (30  46)  (46  66)  (66  12)  (12  84)  (84  0)  (0  39)  (39  23)  (23  60)  (60  36)  (36  119)  (119  102)  (102  149)  (149  9)  (9  35)  (35  68)  (68  139)  (139  58)  (58  88)  (88  121)  (121  101)  (101  120)  (120  49)  (49  132)  (132  55)  (55  27)];[0  12  23  27  30  16  35  46  120  55  113  132  139  39  36  49  60  9  79  101  119  88  58  66  84  68  102  121  149  0];COPS-TABU
30kroB150_T100_p2;149;149;30;175,034;7325,0;12196;[(15  10)  (10  149)  (149  13)  (13  142)  (142  59)  (59  58)  (58  88)  (88  20)  (20  101)  (101  69)  (69  49)  (49  132)  (132  118)  (118  87)  (87  16)  (16  7)  (7  46)  (46  66)  (66  30)  (30  79)  (79  12)  (12  84)  (84  0)  (0  11)  (11  17)  (17  141)  (141  60)  (60  15)];[0  16  7  10  17  69  49  15  46  87  142  13  141  132  101  30  66  58  118  59  11  12  149  60  84  20  88  79  0];COPS-TABU
31pr152_T100_p1;151;151;31;224,715;141,0;51400;[(5  6)  (6  9)  (9  7)  (7  64)  (64  65)  (65  87)  (87  81)  (81  86)  (86  82)  (82  62)  (62  83)  (83  84)  (84  136)  (136  134)  (134  143)  (143  120)  (120  113)  (113  89)  (89  68)  (68  90)  (90  76)  (76  73)  (73  0)  (0  15)  (15  1)  (1  13)  (13  3)  (3  24)  (24  38)  (38  5)];[0  86  3  76  82  1  120  9  7  65  62  38  84  24  143  64  87  81  136  15  13  5  68  90  134  113  73  6  83  89  0];COPS-TABU
31pr152_T100_p2;151;151;31;219,598;7203,0;50989;[(143  120)  (120  113)  (113  96)  (96  69)  (69  77)  (77  91)  (91  46)  (46  33)  (33  0)  (0  15)  (15  2)  (2  12)  (12  4)  (4  25)  (25  5)  (5  10)  (10  6)  (6  7)  (7  19)  (19  64)  (64  65)  (65  87)  (87  81)  (81  86)  (86  82)  (82  62)  (62  83)  (83  84)  (84  117)  (117  134)  (134  143)];[0  84  7  77  82  46  65  15  134  96  113  69  117  64  86  87  33  120  12  62  6  81  19  10  25  2  143  5  83  4  91  0];COPS-TABU
32u159_T100_p1;158;158;32;149,181;151,0;22638;[(32  38)  (38  43)  (43  121)  (121  118)  (118  47)  (47  73)  (73  51)  (51  52)  (52  57)  (57  58)  (58  63)  (63  71)  (71  87)  (87  86)  (86  101)  (101  92)  (92  109)  (109  110)  (110  113)  (113  127)  (127  126)  (126  158)  (158  0)  (0  1)  (1  7)  (7  16)  (16  136)  (136  137)  (137  32)];[0  7  113  47  118  38  58  71  110  136  1  16  52  43  158  87  51  63  73  86  137  127  57  101  32  109  92  126  121  0];COPS-TABU
32u159_T100_p2;158;158;32;370,26;7766,0;22539;[(71  86)  (86  87)  (87  105)  (105  106)  (106  92)  (92  116)  (116  109)  (109  110)  (110  127)  (127  126)  (126  158)  (158  0)  (0  1)  (1  15)  (15  16)  (16  31)  (31  136)  (136  135)  (135  134)  (134  121)  (121  120)  (120  46)  (46  47)  (47  51)  (51  52)  (52  55)  (55  61)  (61  72)  (72  70)  (70  71)];[0  55  72  15  52  46  47  70  71  86  16  105  61  126  109  110  134  127  1  31  121  87  120  135  158  116  136  92  106  51  0];COPS-TABU
39rat195_T100_p1;194;194;39;215,859;177,0;847;[(152  151)  (151  160)  (160  171)  (171  170)  (170  131)  (131  132)  (132  119)  (119  118)  (118  95)  (95  84)  (84  71)  (71  67)  (67  66)  (66  40)  (40  41)  (41  28)  (28  14)  (14  0)  (0  2)  (2  3)  (3  19)  (19  32)  (32  35)  (35  36)  (36  49)  (49  48)  (48  63)  (63  74)  (74  101)  (101  115)  (115  125)  (125  141)  (141  140)  (140  153)  (153  152)];[0  48  160  132  74  125  19  151  66  119  118  95  36  101  71  131  170  152  3  40  67  49  14  171  35  2  140  141  41  84  153  115  28  32  63  0];COPS-TABU
39rat195_T100_p2;194;194;39;371,931;9122,0;847;[(151  152)  (152  153)  (153  140)  (140  127)  (127  126)  (126  102)  (102  103)  (103  90)  (90  63)  (63  62)  (62  50)  (50  24)  (24  23)  (23  22)  (22  7)  (7  3)  (3  2)  (2  0)  (0  14)  (14  15)  (15  28)  (28  53)  (53  56)  (56  58)  (58  70)  (70  71)  (71  84)  (84  94)  (94  92)  (92  93)  (93  120)  (120  132)  (132  131)  (131  173)  (173  174)  (174  151)];[0  15  22  93  23  103  71  58  70  151  62  152  120  3  126  90  50  140  127  131  53  153  174  173  132  28  94  24  7  56  2  92  14  102  63  84  0];COPS-TABU
40d198_T100_p1;197;197;39;408,367;192,0;10485;[(35  24)  (24  23)  (23  20)  (20  175)  (175  174)  (174  177)  (177  194)  (194  186)  (186  188)  (188  170)  (170  127)  (127  144)  (144  146)  (146  141)  (141  137)  (137  157)  (157  138)  (138  116)  (116  117)  (117  110)  (110  106)  (106  77)  (77  76)  (76  61)  (61  60)  (60  70)  (70  68)  (68  40)  (40  10)  (10  9)  (9  5)  (5  2)  (2  0)  (0  16)  (16  13)  (13  35)];[0  61  24  77  146  23  117  70  60  5  68  10  175  141  9  2  110  194  144  35  106  13  116  186  16  20  40  137  170  76  127  188  177  174  138  157  0];COPS-TABU
40d198_T100_p2;197;197;39;330,027;9542,0;10473;[(108  106)  (106  77)  (77  76)  (76  46)  (46  45)  (45  61)  (61  43)  (43  54)  (54  70)  (70  10)  (10  9)  (9  5)  (5  2)  (2  0)  (0  15)  (15  14)  (14  17)  (17  18)  (18  175)  (175  174)  (174  194)  (194  186)  (186  183)  (183  187)  (187  170)  (170  127)  (127  142)  (142  144)  (144  161)  (161  157)  (157  138)  (138  122)  (122  123)  (123  108)];[0  194  77  123  108  187  175  161  18  43  45  122  2  183  70  10  46  174  186  54  144  76  142  17  157  61  5  170  127  9  14  15  106  138  0];COPS-TABU
40kroa200_T100_p1;199;199;40;403,901;194,0;13337;[(43  187)  (187  10)  (10  95)  (95  118)  (118  148)  (148  99)  (99  73)  (73  141)  (141  59)  (59  127)  (127  157)  (157  166)  (166  58)  (58  88)  (88  163)  (163  22)  (22  172)  (172  143)  (143  149)  (149  71)  (71  195)  (195  177)  (177  151)  (151  113)  (113  102)  (102  142)  (142  108)  (108  106)  (106  19)  (19  176)  (176  12)  (12  131)  (131  0)  (0  116)  (116  173)  (173  171)  (171  60)  (60  15)  (15  43)];[0  10  19  99  142  176  149  173  12  163  22  118  60  131  116  43  148  95  195  151  108  143  171  157  113  172  141  73  106  166  127  177  58  15  187  88  102  59  71  0];COPS-TABU
40kroa200_T100_p2;199;199;40;467,12;9721,0;13307;[(164  165)  (165  187)  (187  43)  (43  189)  (189  148)  (148  48)  (48  123)  (123  137)  (137  23)  (23  52)  (52  0)  (0  84)  (84  190)  (190  59)  (59  127)  (127  76)  (76  30)  (30  46)  (46  119)  (119  74)  (74  145)  (145  16)  (16  57)  (57  151)  (151  177)  (177  195)  (195  82)  (82  184)  (184  149)  (149  143)  (143  172)  (172  22)  (22  163)  (163  40)  (40  58)  (58  68)  (68  73)  (73  99)  (99  164)];[0  57  52  187  68  74  195  76  30  177  172  16  189  190  59  145  149  119  143  48  165  73  137  23  43  99  84  22  163  164  58  151  123  148  127  46  82  40  0];COPS-TABU
40krob200_T100_p1;199;199;40;374,928;193,0;12998;[(140  183)  (183  29)  (29  74)  (74  149)  (149  193)  (193  189)  (189  38)  (38  141)  (141  84)  (84  92)  (92  96)  (96  98)  (98  11)  (11  173)  (173  0)  (0  89)  (89  8)  (8  175)  (175  60)  (60  179)  (179  113)  (113  86)  (86  181)  (181  63)  (63  81)  (81  62)  (62  125)  (125  16)  (16  101)  (101  17)  (17  152)  (152  139)  (139  184)  (184  115)  (115  142)  (142  170)  (170  172)  (172  140)];[0  16  142  98  62  113  184  29  193  179  38  149  17  183  152  74  170  115  81  140  60  189  125  101  139  173  181  86  92  172  11  84  63  89  141  175  8  96  0];COPS-TABU
40krob200_T100_p2;199;199;40;345,466;9682,0;13047;[(64  68)  (68  67)  (67  9)  (9  189)  (189  116)  (116  169)  (169  84)  (84  10)  (10  96)  (96  98)  (98  97)  (97  0)  (0  89)  (89  45)  (45  160)  (160  70)  (70  60)  (60  179)  (179  59)  (59  167)  (167  181)  (181  63)  (63  81)  (81  62)  (62  1)  (1  16)  (16  147)  (147  17)  (17  104)  (104  49)  (49  54)  (54  170)  (170  138)  (138  153)  (153  162)  (162  183)  (183  140)  (140  64)];[0  16  1  59  54  162  49  84  140  147  167  17  68  181  67  45  179  63  153  81  116  189  104  64  10  62  60  160  169  170  96  183  98  9  138  89  97  70  0];COPS-TABU
45ts225_T100_p1;224;224;45;546,986;212,0;68103;[(138  39)  (39  38)  (38  162)  (162  33)  (33  132)  (132  131)  (131  2)  (2  1)  (1  0)  (0  151)  (151  152)  (152  54)  (54  55)  (55  77)  (77  76)  (76  101)  (101  102)  (102  207)  (207  208)  (208  109)  (109  213)  (213  88)  (88  89)  (89  217)  (217  218)  (218  116)  (116  117)  (117  122)  (122  123)  (123  98)  (98  97)  (97  73)  (73  72)  (72  168)  (168  167)  (167  47)  (47  48)  (48  145)  (145  20)  (20  18)  (18  15)  (15  11)  (11  10)  (10  138)];[0  73  89  18  11  98  97  208  88  123  55  168  54  101  38  48  47  122  162  207  116  151  76  131  152  72  102  109  213  145  217  167  77  39  132  15  218  10  1  20  33  2  0];COPS-TABU
45ts225_T100_p2;224;224;45;455,303;10933,0;67594;[(72  197)  (197  198)  (198  97)  (97  217)  (217  218)  (218  114)  (114  113)  (113  108)  (108  105)  (105  104)  (104  202)  (202  201)  (201  79)  (79  80)  (80  83)  (83  86)  (86  89)  (89  66)  (66  168)  (168  167)  (167  39)  (39  38)  (38  162)  (162  33)  (33  32)  (32  58)  (58  57)  (57  52)  (52  51)  (51  27)  (27  26)  (26  0)  (0  1)  (1  2)  (2  5)  (5  10)  (10  11)  (11  15)  (15  140)  (140  20)  (20  147)  (147  148)  (148  47)  (47  72)];[0  83  52  79  168  105  202  140  80  15  218  86  167  97  108  38  72  11  51  47  26  1  89  113  217  5  32  162  201  39  33  10  27  197  57  147  20  66  2  198  114  148  58  104  0];COPS-TABU
45tsp225_T100_p1;224;224;45;547,9;207,0;1608;[(201  216)  (216  218)  (218  101)  (101  103)  (103  90)  (90  91)  (91  129)  (129  210)  (210  134)  (134  182)  (182  140)  (140  158)  (158  144)  (144  145)  (145  149)  (149  172)  (172  180)  (180  181)  (181  119)  (119  174)  (174  114)  (114  116)  (116  61)  (61  64)  (64  65)  (65  1)  (1  46)  (46  217)  (217  193)  (193  45)  (45  3)  (3  2)  (2  0)  (0  4)  (4  7)  (7  37)  (37  12)  (12  22)  (22  23)  (23  29)  (29  201)];[0  134  217  61  46  1  145  216  129  65  45  144  174  210  158  182  101  91  218  201  7  23  64  140  29  172  180  119  181  22  12  3  37  2  103  4  149  116  90  193  0];COPS-TABU
45tsp225_T100_p2;224;224;45;409,183;10685,0;1610;[(197  0)  (0  2)  (2  6)  (6  7)  (7  37)  (37  36)  (36  22)  (22  35)  (35  29)  (29  201)  (201  96)  (96  95)  (95  98)  (98  97)  (97  69)  (69  103)  (103  86)  (86  129)  (129  210)  (210  164)  (164  134)  (134  137)  (137  138)  (138  158)  (158  155)  (155  145)  (145  168)  (168  169)  (169  180)  (180  181)  (181  119)  (119  174)  (174  110)  (110  115)  (115  116)  (116  204)  (204  132)  (132  44)  (44  45)  (45  193)  (193  197)];[0  7  97  69  115  158  96  138  86  174  44  116  168  35  201  197  98  29  36  132  22  110  169  145  103  210  95  119  134  180  45  37  181  137  129  193  6  204  155  164  2  0];COPS-TABU
46pr226_T100_p1;225;225;45;488,699;224,0;63879;[(221  133)  (133  125)  (125  106)  (106  105)  (105  84)  (84  78)  (78  72)  (72  0)  (0  3)  (3  7)  (7  71)  (71  67)  (67  68)  (68  65)  (65  64)  (64  18)  (18  19)  (19  55)  (55  56)  (56  49)  (49  20)  (20  23)  (23  24)  (24  30)  (30  48)  (48  46)  (46  42)  (42  41)  (41  38)  (38  39)  (39  40)  (40  98)  (98  136)  (136  151)  (151  156)  (156  166)  (166  167)  (167  182)  (182  183)  (183  192)  (192  200)  (200  201)  (201  214)  (214  215)  (215  221)];[0  65  23  182  3  151  46  38  98  166  64  71  56  183  24  156  67  200  78  136  214  68  167  30  18  201  84  105  125  192  133  55  42  7  39  215  72  48  221  49  106  40  41  19  20  0];COPS-TABU
46pr226_T100_p2;225;225;45;464,039;11358,0;63683;[(20  23)  (23  24)  (24  44)  (44  45)  (45  42)  (42  41)  (41  38)  (38  39)  (39  40)  (40  101)  (101  136)  (136  151)  (151  155)  (155  157)  (157  174)  (174  175)  (175  183)  (183  192)  (192  194)  (194  205)  (205  206)  (206  218)  (218  221)  (221  132)  (132  118)  (118  114)  (114  113)  (113  79)  (79  78)  (78  72)  (72  0)  (0  3)  (3  4)  (4  71)  (71  68)  (68  67)  (67  64)  (64  18)  (18  19)  (19  63)  (63  56)  (56  55)  (55  49)  (49  20)];[0  136  24  221  4  56  44  64  113  175  42  79  192  205  78  194  114  206  218  72  157  45  67  3  55  20  40  118  155  71  174  183  68  132  23  49  151  19  63  18  41  101  38  39  0];COPS-TABU
53gil262_T100_p1;261;261;53;426,206;243,0;1011;[(47  97)  (97  13)  (13  44)  (44  186)  (186  90)  (90  143)  (143  259)  (259  155)  (155  151)  (151  250)  (250  140)  (140  103)  (103  6)  (6  153)  (153  243)  (243  107)  (107  141)  (141  0)  (0  228)  (228  70)  (70  30)  (30  89)  (89  210)  (210  78)  (78  261)  (261  203)  (203  260)  (260  82)  (82  216)  (216  169)  (169  63)  (63  68)  (68  83)  (83  37)  (37  241)  (241  237)  (237  9)  (9  174)  (174  225)  (225  31)  (31  77)  (77  244)  (244  157)  (157  170)  (170  84)  (84  221)  (221  22)  (22  47)];[0  63  37  77  143  216  90  157  169  170  243  78  155  84  89  70  68  237  140  261  141  244  107  259  210  241  83  47  174  31  250  22  97  82  225  228  186  9  260  103  151  221  44  13  203  30  153  6  0];COPS-TABU
53gil262_T100_p2;261;261;53;445,199;12521,0;1004;[(140  103)  (103  2)  (2  134)  (134  145)  (145  101)  (101  14)  (14  5)  (5  250)  (250  62)  (62  179)  (179  217)  (217  118)  (118  93)  (93  87)  (87  44)  (44  22)  (22  47)  (47  13)  (13  97)  (97  91)  (91  226)  (226  96)  (96  31)  (31  77)  (77  54)  (54  65)  (65  255)  (255  56)  (56  1)  (1  194)  (194  216)  (216  82)  (82  260)  (260  197)  (197  261)  (261  78)  (78  210)  (210  89)  (89  30)  (30  228)  (228  0)  (0  141)  (141  231)  (231  107)  (107  243)  (243  187)  (187  257)  (257  6)  (6  140)];[0  2  1  243  47  77  250  261  31  103  197  6  231  54  255  107  140  257  91  141  93  56  194  62  14  87  226  22  216  82  97  101  134  210  96  118  89  13  78  5  228  44  217  260  30  179  187  145  65  0];COPS-TABU
53pr264_T100_p1;263;263;53;326,887;261,0;28914;[(49  55)  (55  122)  (122  124)  (124  228)  (228  233)  (233  226)  (226  156)  (156  159)  (159  160)  (160  161)  (161  147)  (147  163)  (163  162)  (162  222)  (222  170)  (170  142)  (142  247)  (247  211)  (211  210)  (210  183)  (183  184)  (184  189)  (189  205)  (205  261)  (261  202)  (202  196)  (196  195)  (195  134)  (134  130)  (130  90)  (90  82)  (82  81)  (81  10)  (10  9)  (9  12)  (12  76)  (76  19)  (19  18)  (18  103)  (103  25)  (25  24)  (24  109)  (109  30)  (30  61)  (61  120)  (120  59)  (59  0)  (0  40)  (40  41)  (41  42)  (42  48)  (48  49)];[0  61  189  30  226  19  162  24  196  134  18  42  76  163  195  184  202  247  147  142  49  122  9  156  159  261  233  10  103  12  211  222  90  170  82  228  59  25  109  130  205  183  120  48  55  124  210  41  40  81  160  161  0];COPS-TABU
53pr264_T100_p2;263;263;53;539,959;13187,0;28772;[(233  153)  (153  149)  (149  124)  (124  55)  (55  49)  (49  56)  (56  44)  (44  43)  (43  41)  (41  0)  (0  39)  (39  60)  (60  120)  (120  59)  (59  118)  (118  64)  (64  30)  (30  25)  (25  24)  (24  106)  (106  105)  (105  18)  (18  19)  (19  17)  (17  76)  (76  6)  (6  80)  (80  81)  (81  82)  (82  90)  (90  131)  (131  195)  (195  196)  (196  202)  (202  260)  (260  256)  (256  189)  (189  190)  (190  210)  (210  183)  (183  184)  (184  174)  (174  176)  (176  215)  (215  222)  (222  221)  (221  162)  (162  163)  (163  147)  (147  161)  (161  160)  (160  159)  (159  226)  (226  233)];[0  44  226  80  190  24  210  174  55  147  163  149  153  105  39  120  176  189  196  184  56  106  215  30  195  19  90  222  233  6  260  18  162  64  82  131  221  76  17  41  25  159  202  256  183  49  160  43  81  59  161  124  0];COPS-TABU
56a280_T100_p1;279;279;56;419,709;251,0;1078;[(249  248)  (248  0)  (0  3)  (3  276)  (276  8)  (8  14)  (14  271)  (271  270)  (270  132)  (132  17)  (17  24)  (24  25)  (25  29)  (29  30)  (30  32)  (32  36)  (36  37)  (37  45)  (45  44)  (44  43)  (43  61)  (61  62)  (62  82)  (82  81)  (81  75)  (75  93)  (93  106)  (106  169)  (169  170)  (170  163)  (163  187)  (187  186)  (186  175)  (175  156)  (156  118)  (118  119)  (119  265)  (265  139)  (139  140)  (140  202)  (202  203)  (203  212)  (212  210)  (210  233)  (233  238)  (238  239)  (239  249)];[0  239  248  187  203  29  156  175  62  202  186  119  81  170  44  212  238  3  93  82  139  249  106  43  24  14  132  61  265  8  118  75  45  276  210  25  36  270  37  169  32  233  140  163  17  271  30  0];COPS-TABU
56a280_T100_p2;279;279;56;620,91;13384,0;1069;[(248  247)  (247  279)  (279  0)  (0  5)  (5  275)  (275  9)  (9  10)  (10  271)  (271  270)  (270  17)  (17  134)  (134  135)  (135  147)  (147  146)  (146  175)  (175  156)  (156  118)  (118  119)  (119  29)  (29  30)  (30  32)  (32  36)  (36  37)  (37  45)  (45  44)  (44  43)  (43  61)  (61  62)  (62  71)  (71  72)  (72  77)  (77  93)  (93  91)  (91  90)  (90  107)  (107  104)  (104  163)  (163  164)  (164  187)  (187  186)  (186  192)  (192  196)  (196  197)  (197  212)  (212  211)  (211  206)  (206  226)  (226  227)  (227  245)  (245  244)  (244  248)];[0  90  36  248  29  119  146  247  186  211  244  196  226  206  62  72  245  107  71  30  156  9  227  17  104  212  91  164  77  118  37  61  197  187  175  135  10  45  147  93  270  279  134  163  192  271  275  32  44  43  5  0];COPS-TABU
60pr299_T100_p1;298;298;60;520,429;289,0;22351;[(258  260)  (260  254)  (254  250)  (250  248)  (248  243)  (243  195)  (195  241)  (241  235)  (235  196)  (196  197)  (197  234)  (234  278)  (278  229)  (229  227)  (227  222)  (222  223)  (223  218)  (218  217)  (217  215)  (215  289)  (289  291)  (291  213)  (213  147)  (147  146)  (146  0)  (0  2)  (2  1)  (1  6)  (6  7)  (7  140)  (140  96)  (96  95)  (95  94)  (94  82)  (82  23)  (23  24)  (24  71)  (71  72)  (72  132)  (132  131)  (131  69)  (69  30)  (30  31)  (31  65)  (65  107)  (107  60)  (60  42)  (42  47)  (47  48)  (48  55)  (55  115)  (115  125)  (125  124)  (124  181)  (181  182)  (182  258)];[0  94  132  229  222  31  223  182  147  47  48  218  195  23  131  227  72  217  291  243  42  278  248  241  107  124  181  95  146  115  82  60  250  258  215  254  196  71  260  1  69  125  235  65  289  7  197  24  6  30  55  234  96  213  140  2  0];COPS-TABU
60pr299_T100_p2;298;298;60;476,459;14596,0;22432;[(41  58)  (58  60)  (60  47)  (47  48)  (48  55)  (55  54)  (54  118)  (118  119)  (119  182)  (182  256)  (256  262)  (262  251)  (251  170)  (170  172)  (172  248)  (248  243)  (243  192)  (192  238)  (238  236)  (236  272)  (272  197)  (197  167)  (167  164)  (164  165)  (165  163)  (163  229)  (229  277)  (277  283)  (283  222)  (222  223)  (223  217)  (217  215)  (215  290)  (290  214)  (214  213)  (213  147)  (147  146)  (146  0)  (0  2)  (2  1)  (1  6)  (6  12)  (12  13)  (13  96)  (96  94)  (94  82)  (82  23)  (23  24)  (24  71)  (71  72)  (72  67)  (67  65)  (65  33)  (33  32)  (32  41)];[0  118  54  214  13  6  58  182  238  147  192  251  262  67  290  146  163  94  41  172  229  277  170  72  60  48  248  82  217  164  236  256  71  223  96  283  165  23  167  47  65  243  222  32  215  197  33  1  24  55  213  2  119  272  12  0];COPS-TABU
64lin318_T100_p1;317;317;64;654,066;305,0;20649;[(159  160)  (160  60)  (60  64)  (64  176)  (176  177)  (177  180)  (180  193)  (193  197)  (197  196)  (196  195)  (195  89)  (89  92)  (92  91)  (91  90)  (90  68)  (68  61)  (61  51)  (51  45)  (45  44)  (44  39)  (39  35)  (35  25)  (25  14)  (14  10)  (10  9)  (9  0)  (0  2)  (2  7)  (7  111)  (111  110)  (110  107)  (107  112)  (112  216)  (216  219)  (219  224)  (224  212)  (212  217)  (217  235)  (235  223)  (223  244)  (244  255)  (255  263)  (263  282)  (282  285)  (285  299)  (299  307)  (307  302)  (302  191)  (191  192)  (192  164)  (164  254)  (254  249)  (249  142)  (142  140)  (140  137)  (137  135)  (135  37)  (37  208)  (208  158)  (158  159)];[0  44  91  142  39  137  158  191  235  282  9  307  180  160  263  254  255  285  195  219  164  37  25  224  197  92  112  45  90  135  223  159  51  217  192  299  249  177  140  14  68  196  89  244  110  10  60  64  7  111  216  212  176  2  302  35  107  208  61  193  0];COPS-TABU
64lin318_T100_p2;317;317;64;761,334;15598,0;20730;[(248  250)  (250  253)  (253  256)  (256  260)  (260  270)  (270  275)  (275  297)  (297  303)  (303  307)  (307  302)  (302  285)  (285  282)  (282  169)  (169  191)  (191  192)  (192  193)  (193  180)  (180  177)  (177  176)  (176  197)  (197  195)  (195  93)  (93  88)  (88  92)  (92  91)  (91  90)  (90  80)  (80  61)  (61  51)  (51  45)  (45  54)  (54  315)  (315  39)  (39  35)  (35  23)  (23  22)  (22  10)  (10  9)  (9  0)  (0  2)  (2  7)  (7  110)  (110  111)  (111  116)  (116  133)  (133  134)  (134  37)  (37  159)  (159  160)  (160  158)  (158  141)  (141  138)  (138  224)  (224  219)  (219  216)  (216  217)  (217  226)  (226  222)  (222  248)];[0  256  51  226  7  219  39  191  160  169  285  35  88  217  91  138  10  216  159  307  250  93  90  92  133  80  9  176  111  195  177  180  54  248  297  61  270  197  22  224  158  45  303  222  193  134  141  192  23  37  315  282  253  275  110  260  2  302  0];COPS-TABU
80rd400_T100_p1;399;399;80;989,587;384,0;6348;[(105  268)  (268  124)  (124  188)  (188  372)  (372  134)  (134  92)  (92  386)  (386  72)  (72  381)  (381  298)  (298  384)  (384  129)  (129  112)  (112  141)  (141  244)  (244  223)  (223  123)  (123  47)  (47  35)  (35  278)  (278  212)  (212  341)  (341  63)  (63  315)  (315  117)  (117  163)  (163  172)  (172  316)  (316  233)  (233  288)  (288  355)  (355  388)  (388  339)  (339  173)  (173  28)  (28  196)  (196  189)  (189  113)  (113  314)  (314  231)  (231  89)  (89  285)  (285  33)  (33  303)  (303  3)  (3  0)  (0  357)  (357  65)  (65  351)  (351  167)  (167  54)  (54  348)  (348  228)  (228  90)  (90  295)  (295  393)  (393  17)  (17  218)  (218  133)  (133  363)  (363  137)  (137  45)  (45  85)  (85  293)  (293  32)  (32  193)  (193  104)  (104  170)  (170  125)  (125  26)  (26  385)  (385  325)  (325  105)];[0  104  125  285  173  112  124  167  113  339  90  223  65  105  72  384  303  351  196  3  141  278  63  193  355  32  188  386  348  385  393  189  137  341  314  35  231  363  212  218  26  134  315  89  388  133  325  92  85  268  233  172  316  381  288  129  244  228  357  45  17  33  47  123  298  54  28  170  295  163  117  372  0];COPS-TABU
80rd400_T100_p2;399;399;80;1013,115;19210,0;6358;[(203  295)  (295  393)  (393  17)  (17  216)  (216  218)  (218  69)  (69  240)  (240  193)  (193  104)  (104  170)  (170  137)  (137  45)  (45  85)  (85  125)  (125  26)  (26  27)  (27  269)  (269  385)  (385  165)  (165  370)  (370  132)  (132  167)  (167  54)  (54  334)  (334  7)  (7  161)  (161  382)  (382  231)  (231  89)  (89  285)  (285  33)  (33  294)  (294  200)  (200  202)  (202  0)  (0  91)  (91  298)  (298  1)  (1  121)  (121  280)  (280  4)  (4  124)  (124  9)  (9  392)  (392  360)  (360  115)  (115  362)  (362  31)  (31  361)  (361  250)  (250  275)  (275  123)  (123  47)  (47  34)  (34  340)  (340  71)  (71  5)  (5  150)  (150  172)  (172  163)  (163  316)  (316  356)  (356  339)  (339  355)  (355  388)  (388  173)  (173  28)  (28  196)  (196  358)  (358  155)  (155  203)];[0  34  54  163  104  17  388  71  173  4  269  340  125  28  150  370  5  240  167  355  31  45  33  360  280  218  91  382  361  196  123  172  1  124  27  137  121  294  193  200  298  385  9  26  89  275  334  339  250  356  316  47  165  231  295  216  358  170  155  69  7  362  85  132  115  285  392  393  203  161  0];COPS-TABU
84fl417_T100_p1;416;416;84;417,359;415,0;9547;[(365  363)  (363  381)  (381  358)  (358  357)  (357  102)  (102  71)  (71  59)  (59  39)  (39  36)  (36  32)  (32  297)  (297  298)  (298  321)  (321  303)  (303  304)  (304  133)  (133  112)  (112  119)  (119  22)  (22  28)  (28  8)  (8  16)  (16  1)  (1  4)  (4  20)  (20  30)  (30  9)  (9  0)  (0  7)  (7  24)  (24  349)  (349  312)  (312  324)  (324  313)  (313  314)  (314  318)  (318  153)  (153  158)  (158  171)  (171  193)  (193  33)  (33  37)  (37  40)  (40  42)  (42  49)  (49  53)  (53  56)  (56  51)  (51  50)  (50  48)  (48  43)  (43  44)  (44  41)  (41  52)  (52  58)  (58  57)  (57  61)  (61  68)  (68  88)  (88  81)  (81  77)  (77  95)  (95  73)  (73  78)  (78  91)  (91  80)  (80  75)  (75  98)  (98  101)  (101  104)  (104  291)  (291  287)  (287  273)  (273  249)  (249  397)  (397  374)  (374  373)  (373  369)  (369  368)  (368  221)  (221  212)  (212  225)  (225  201)  (201  365)];[0  373  363  33  303  368  358  9  212  158  95  324  28  374  357  314  98  56  1  249  58  297  171  112  71  50  88  201  119  91  59  298  78  61  221  104  8  43  101  4  153  365  313  77  304  53  312  349  287  73  52  397  57  16  291  381  48  321  49  81  68  193  51  318  41  42  102  133  20  24  44  32  225  75  39  37  22  40  369  7  273  80  36  30  0];COPS-TABU
84fl417_T100_p2;416;416;84;878,052;21010,0;9643;[(51  56)  (56  54)  (54  47)  (47  42)  (42  40)  (40  37)  (37  35)  (35  193)  (193  171)  (171  160)  (160  157)  (157  318)  (318  314)  (314  326)  (326  324)  (324  335)  (335  308)  (308  0)  (0  7)  (7  21)  (21  25)  (25  30)  (30  4)  (4  12)  (12  11)  (11  16)  (16  10)  (10  28)  (28  22)  (22  143)  (143  116)  (116  111)  (111  304)  (304  303)  (303  321)  (321  298)  (298  297)  (297  32)  (32  39)  (39  59)  (59  71)  (71  102)  (102  357)  (357  358)  (358  362)  (362  364)  (364  365)  (365  201)  (201  225)  (225  219)  (219  243)  (243  368)  (368  369)  (369  385)  (385  415)  (415  397)  (397  249)  (249  273)  (273  291)  (291  267)  (267  104)  (104  103)  (103  97)  (97  100)  (100  75)  (75  74)  (74  79)  (79  73)  (73  95)  (95  87)  (87  86)  (86  93)  (93  64)  (64  61)  (61  57)  (57  55)  (55  38)  (38  41)  (41  44)  (44  46)  (46  48)  (48  50)  (50  51)];[0  4  362  61  160  28  42  57  369  100  74  40  16  71  22  225  39  314  267  171  54  324  385  95  86  93  157  79  59  73  55  30  308  143  97  64  48  273  50  21  44  10  32  201  38  103  303  219  297  335  249  291  25  415  357  47  368  116  87  193  12  326  364  321  304  298  56  365  318  397  358  51  11  46  7  102  75  243  111  104  41  35  37  0];COPS-TABU
88pr439_T100_p1;438;438;88;905,63;432,0;58851;[(100  153)  (153  150)  (150  142)  (142  147)  (147  146)  (146  145)  (145  106)  (106  91)  (91  18)  (18  23)  (23  22)  (22  63)  (63  25)  (25  72)  (72  76)  (76  58)  (58  57)  (57  34)  (34  8)  (8  7)  (7  0)  (0  44)  (44  55)  (55  81)  (81  52)  (52  82)  (82  148)  (148  282)  (282  283)  (283  341)  (341  340)  (340  281)  (281  280)  (280  186)  (186  187)  (187  188)  (188  279)  (279  284)  (284  289)  (289  290)  (290  349)  (349  348)  (348  375)  (375  379)  (379  389)  (389  391)  (391  380)  (380  381)  (381  392)  (392  396)  (396  407)  (407  408)  (408  429)  (429  432)  (432  421)  (421  406)  (406  413)  (413  418)  (418  415)  (415  428)  (428  417)  (417  404)  (404  403)  (403  400)  (400  387)  (387  366)  (366  336)  (336  296)  (296  276)  (276  275)  (275  222)  (222  235)  (235  236)  (236  267)  (267  304)  (304  305)  (305  319)  (319  318)  (318  248)  (248  249)  (249  209)  (209  210)  (210  166)  (166  128)  (128  126)  (126  99)  (99  100)];[0  267  91  366  418  146  142  128  34  387  106  348  379  396  403  44  284  336  25  222  404  279  305  417  407  341  413  375  296  23  235  392  210  18  349  318  429  389  7  280  319  57  391  432  8  406  82  248  421  428  58  100  400  290  81  187  209  99  276  289  236  145  304  415  408  275  166  153  22  283  281  249  148  55  150  186  76  147  380  188  126  282  340  72  63  381  0];COPS-TABU
88pr439_T100_p2;438;438;88;762,68;21899,0;59388;[(406  397)  (397  392)  (392  390)  (390  380)  (380  381)  (381  341)  (341  340)  (340  284)  (284  279)  (279  289)  (289  290)  (290  351)  (351  344)  (344  376)  (376  378)  (378  388)  (388  420)  (420  418)  (418  415)  (415  428)  (428  417)  (417  416)  (416  401)  (401  400)  (400  384)  (384  368)  (368  335)  (335  336)  (336  276)  (276  275)  (275  222)  (222  232)  (232  269)  (269  303)  (303  264)  (264  261)  (261  260)  (260  312)  (312  317)  (317  313)  (313  208)  (208  170)  (170  169)  (169  127)  (127  98)  (98  122)  (122  123)  (123  153)  (153  152)  (152  151)  (151  147)  (147  146)  (146  108)  (108  90)  (90  91)  (91  18)  (18  19)  (19  24)  (24  63)  (63  25)  (25  72)  (72  76)  (76  58)  (58  57)  (57  34)  (34  40)  (40  8)  (8  7)  (7  0)  (0  55)  (55  81)  (81  188)  (188  187)  (187  186)  (186  280)  (280  281)  (281  227)  (227  283)  (283  438)  (438  436)  (436  433)  (433  407)  (407  408)  (408  412)  (412  406)];[0  123  378  417  8  91  344  408  58  317  290  24  303  376  416  406  392  108  264  412  90  18  232  341  127  122  433  25  390  260  351  152  275  418  388  436  415  98  428  40  269  7  222  381  208  438  384  147  397  34  380  289  169  55  336  153  276  76  57  313  279  19  407  227  151  81  368  284  335  340  170  63  420  401  186  400  280  281  283  72  261  146  312  187  188  0];COPS-TABU
89pcb442_T100_p1;441;441;89;1087,638;425,0;21555;[(99  46)  (46  80)  (80  49)  (49  83)  (83  84)  (84  22)  (22  56)  (56  24)  (24  29)  (29  30)  (30  64)  (64  383)  (383  170)  (170  183)  (183  197)  (197  208)  (208  196)  (196  132)  (132  122)  (122  390)  (390  143)  (143  142)  (142  118)  (118  164)  (164  176)  (176  152)  (152  162)  (162  211)  (211  229)  (229  246)  (246  247)  (247  230)  (230  251)  (251  231)  (231  224)  (224  232)  (232  407)  (407  260)  (260  415)  (415  267)  (267  264)  (264  436)  (436  334)  (334  335)  (335  372)  (372  371)  (371  329)  (329  364)  (364  363)  (363  299)  (299  298)  (298  343)  (343  358)  (358  434)  (434  289)  (289  288)  (288  351)  (351  348)  (348  347)  (347  432)  (432  307)  (307  427)  (427  281)  (281  238)  (238  233)  (233  234)  (234  239)  (239  240)  (240  173)  (173  172)  (172  160)  (160  148)  (148  440)  (440  101)  (101  65)  (65  0)  (0  4)  (4  5)  (5  73)  (73  74)  (74  105)  (105  106)  (106  99)];[0  251  176  358  208  172  229  434  56  152  246  73  170  238  211  46  118  329  281  260  415  24  49  371  234  4  231  196  74  143  383  132  173  299  427  162  80  347  22  390  334  197  30  164  351  224  83  84  239  5  288  335  289  240  233  343  264  247  142  148  372  64  105  298  307  364  267  432  348  160  65  363  232  122  29  440  183  106  101  436  407  230  0];COPS-TABU
89pcb442_T100_p2;441;441;89;1053,876;21859,0;21603;[(23  24)  (24  56)  (56  85)  (85  83)  (83  49)  (49  48)  (48  44)  (44  11)  (11  8)  (8  5)  (5  4)  (4  0)  (0  65)  (65  101)  (101  440)  (440  148)  (148  160)  (160  172)  (172  173)  (173  400)  (400  405)  (405  233)  (233  237)  (237  276)  (276  279)  (279  281)  (281  427)  (427  347)  (347  432)  (432  348)  (348  342)  (342  314)  (314  315)  (315  434)  (434  358)  (358  429)  (429  362)  (362  363)  (363  328)  (328  329)  (329  367)  (367  368)  (368  372)  (372  335)  (335  334)  (334  436)  (436  264)  (264  267)  (267  415)  (415  418)  (418  407)  (407  232)  (232  224)  (224  231)  (231  251)  (251  250)  (250  222)  (222  213)  (213  199)  (199  212)  (212  228)  (228  210)  (210  174)  (174  115)  (115  127)  (127  116)  (116  117)  (117  128)  (128  141)  (141  154)  (154  144)  (144  131)  (131  122)  (122  132)  (132  181)  (181  208)  (208  197)  (197  183)  (183  170)  (170  133)  (133  123)  (123  382)  (382  96)  (96  30)  (30  29)  (29  27)  (27  23)];[0  115  183  132  250  314  328  65  281  427  362  127  347  267  407  372  83  367  101  334  276  11  210  173  224  208  123  170  213  222  44  348  429  251  23  154  368  199  315  418  8  335  148  342  237  172  122  228  232  5  116  434  85  56  131  141  144  264  49  24  117  30  29  133  4  279  128  160  231  233  363  405  440  96  432  400  382  436  415  197  181  212  358  48  329  174  0];COPS-TABU
99d493_T100_p1;492;492;98;1010,055;486,0;19951;[(276  265)  (265  224)  (224  209)  (209  160)  (160  154)  (154  161)  (161  165)  (165  146)  (146  145)  (145  124)  (124  125)  (125  116)  (116  119)  (119  122)  (122  123)  (123  117)  (117  108)  (108  110)  (110  103)  (103  93)  (93  92)  (92  104)  (104  99)  (99  96)  (96  98)  (98  87)  (87  76)  (76  75)  (75  77)  (77  79)  (79  80)  (80  66)  (66  19)  (19  83)  (83  84)  (84  86)  (86  57)  (57  54)  (54  13)  (13  16)  (16  18)  (18  11)  (11  10)  (10  6)  (6  5)  (5  1)  (1  0)  (0  37)  (37  35)  (35  50)  (50  41)  (41  40)  (40  23)  (23  29)  (29  28)  (28  26)  (26  421)  (421  428)  (428  410)  (410  442)  (442  457)  (457  466)  (466  471)  (471  472)  (472  474)  (474  476)  (476  455)  (455  489)  (489  492)  (492  490)  (490  361)  (361  306)  (306  287)  (287  225)  (225  204)  (204  192)  (192  177)  (177  150)  (150  142)  (142  152)  (152  163)  (163  183)  (183  212)  (212  216)  (216  278)  (278  279)  (279  289)  (289  313)  (313  303)  (303  235)  (235  221)  (221  239)  (239  276)];[0  122  457  150  160  116  289  204  225  216  276  10  279  23  28  455  75  108  410  287  466  98  303  29  117  265  84  54  163  92  119  278  124  83  86  66  41  165  35  421  212  428  313  492  239  50  472  306  474  103  77  96  87  99  146  6  80  183  57  177  471  5  221  79  489  161  13  110  192  442  209  152  145  104  16  490  142  235  37  224  361  93  154  125  26  476  11  1  123  76  18  40  19  0];COPS-TABU
99d493_T100_p2;492;492;98;1226,897;24722,0;19996;[(12  11)  (11  8)  (8  6)  (6  5)  (5  1)  (1  0)  (0  36)  (36  35)  (35  47)  (47  43)  (43  40)  (40  23)  (23  29)  (29  28)  (28  421)  (421  428)  (428  369)  (369  357)  (357  408)  (408  423)  (423  464)  (464  468)  (468  472)  (472  474)  (474  455)  (455  485)  (485  489)  (489  490)  (490  334)  (334  306)  (306  287)  (287  281)  (281  279)  (279  278)  (278  235)  (235  229)  (229  239)  (239  276)  (276  265)  (265  234)  (234  20)  (20  154)  (154  170)  (170  173)  (173  161)  (161  166)  (166  147)  (147  135)  (135  128)  (128  118)  (118  119)  (119  122)  (122  140)  (140  152)  (152  171)  (171  205)  (205  212)  (212  216)  (216  186)  (186  191)  (191  187)  (187  213)  (213  177)  (177  150)  (150  142)  (142  108)  (108  117)  (117  110)  (110  103)  (103  93)  (93  90)  (90  104)  (104  99)  (99  96)  (96  98)  (98  89)  (89  76)  (76  75)  (75  77)  (77  79)  (79  80)  (80  66)  (66  18)  (18  16)  (16  19)  (19  83)  (83  84)  (84  115)  (115  127)  (127  138)  (138  64)  (64  54)  (54  57)  (57  12)];[0  334  90  287  103  138  36  104  186  235  265  472  28  6  108  212  11  468  278  5  281  464  128  8  77  127  357  408  147  177  40  428  229  118  421  98  119  474  1  35  83  16  191  122  485  12  306  490  152  80  187  171  47  423  75  84  455  79  18  279  43  115  173  150  135  64  99  154  239  89  166  96  170  276  140  76  57  161  54  369  489  216  66  142  19  23  117  29  20  93  234  213  110  0];COPS-TABU
